gid,year_2016,year_2017,year_2020
10-299,12.85,4.05,10.05
10-316,9.85,0.45,7.43
10-317,9.85,0.45,7.43
10-318a,9.85,0.45,7.43
10-318b,10.16,0.75,8.01
10-318c,10.16,0.75,8.01
10-318d,10.16,0.75,8.01
10-320,10.16,0.75,8.01
10-321,10.16,0.75,8.01
10-322,10.39,0.91,8.12
10-323,10.39,0.91,8.12
10-324,10.39,0.91,8.12
10-325,10.57,1.25,8.44
10-326,10.58,1.83,8.71
10-327,10.65,1.37,8.47
10-328,10.20,0.60,8.04
10-329,10.20,0.60,8.04
10-330,10.10,0.45,7.66
10-331,10.83,1.35,8.63
10-332,10.29,0.30,7.99
10-333,10.29,0.30,7.99
10-334,10.85,0.75,8.68
10-335,11.05,1.05,8.64
10-336,11.30,1.52,8.96
10-337,11.84,2.71,9.48
10-338,12.09,3.37,9.77
10-339,10.87,0.60,8.49
10-340,10.87,0.60,8.49
10-341,11.43,1.19,8.67
10-342,10.76,0.61,8.08
10-343a,11.35,0.74,8.57
10-343b,11.35,0.74,8.57
10-344,11.53,0.92,8.51
10-348,11.63,6.10,9.99
10-349,9.33,4.57,9.44
10-350,8.49,4.69,9.32
10-351,12.94,5.29,10.51
10-352,11.47,5.54,10.05
10-353,12.85,4.05,10.05
10-354,11.40,5.25,10.06
10-355,11.93,5.51,10.25
10-356,10.50,5.23,9.82
10-357,11.57,5.39,10.10
10-358,11.96,5.05,10.28
10-359,10.32,4.62,9.68
10-360,12.71,4.84,10.15
10-361,10.97,5.25,9.86
10-362,12.89,3.98,10.08
10-363,12.89,3.98,10.08
10-364,12.89,3.98,10.08
10-365,13.17,4.07,9.99
10-366,12.86,4.01,10.01
10-367,12.09,4.76,10.29
10-368,12.73,4.54,10.18
10-369,12.86,4.01,10.01
10-370,12.90,3.65,9.96
10-371,12.90,3.65,9.96
10-372,12.88,3.47,9.68
10-373,12.95,3.50,9.67
10-374,12.09,4.76,10.29
10-375a,12.24,4.57,10.25
10-375b,11.53,4.59,10.05
10-376,12.95,3.50,9.67
10-378,9.69,4.77,9.56
10-381,6.58,2.90,2.84
10-382,4.34,4.04,5.38
10-384,6.66,3.27,3.01
10-385,6.66,3.27,3.01
10-386,6.66,3.27,3.01
10-387,7.05,3.92,8.76
10-389,6.66,3.27,3.01
10-390,6.66,3.27,3.01
10-391,6.30,3.25,3.48
10-392,6.34,4.06,7.66
10-393,4.92,3.57,6.07
10-394,8.57,4.72,9.37
10-395,5.89,4.12,7.21
10-396,5.03,4.03,6.19
10-397,4.52,3.95,4.91
10-398,6.30,3.25,3.48
10-399,6.30,3.25,3.48
10-400,6.30,3.25,3.48
10-401,4.78,4.48,5.49
10-402,8.02,4.06,4.26
10-403,6.14,3.66,3.55
10-404,4.78,4.48,5.49
10-405,5.11,4.58,6.03
10-406,8.02,4.06,4.26
10-407a,6.30,3.90,3.93
10-407b,6.30,3.90,3.93
10-408,6.80,4.40,7.80
10-409,5.56,4.77,6.83
10-410,5.55,4.83,6.29
10-411,9.77,5.20,9.73
10-411b,8.05,5.03,9.20
10-412,7.74,4.13,4.60
10-413,8.05,5.03,9.20
10-414,7.91,4.44,4.26
10-415,8.73,4.65,9.38
10-416a,7.83,4.71,4.30
10-416b,7.83,4.71,4.30
10-417,10.21,5.09,9.75
10-418a,7.83,4.71,4.30
10-418b,7.83,4.71,4.30
10-419a,8.23,4.57,4.75
10-419b,8.23,4.57,4.75
10-420,6.48,4.02,4.63
10-421,12.24,4.57,10.25
10-422,12.72,3.53,9.87
10-423,6.91,4.61,7.85
10-424,5.55,4.83,6.29
10-425,9.69,4.77,9.56
10-426,7.83,4.71,4.30
10-427,9.69,4.77,9.56
10-428a,6.14,3.66,3.55
10-428b,8.02,4.06,4.26
10-430,9.85,0.45,7.43
10-431,10.10,0.45,7.66
10-432,10.29,0.30,7.99
10-434,10.20,0.60,8.04
10-436,11.57,5.39,10.10
10-437,11.14,5.11,10.02
10-438,8.73,4.65,9.38
10-439,7.92,4.58,8.97
10-440,6.39,4.69,7.31
10-441,6.83,4.82,7.60
10-442,6.39,4.78,7.26
10-443,6.66,3.27,3.01
10-444,7.91,4.44,4.26
10-445,7.91,4.44,4.26
10-800,11.05,1.05,8.64
10-801,11.42,0.60,8.42
10-807,6.58,2.90,2.84
11-001,12.06,3.41,9.25
11-002,11.96,0.95,8.67
11-003,12.14,1.25,8.61
11-004,11.88,1.58,8.37
11-005,11.88,1.58,8.37
11-006,11.88,1.58,8.37
11-007,11.31,1.88,8.15
11-008,11.31,1.88,8.15
11-009,11.56,2.27,8.30
11-010,12.02,2.94,9.31
11-011a,11.39,2.06,8.30
11-011b,11.39,2.06,8.30
11-012,11.57,2.35,8.70
11-013,11.99,2.94,9.82
11-014,11.73,2.57,9.23
11-015,11.22,2.33,8.28
11-016,12.92,3.65,9.91
11-017,12.60,3.29,9.98
11-018,12.30,3.93,9.97
11-019,11.10,4.43,9.89
11-020,12.30,3.93,9.97
11-021,12.42,3.33,9.73
11-022,11.10,4.43,9.89
11-023,12.05,3.92,9.70
11-024,12.84,3.55,10.02
11-025,12.45,3.68,9.78
11-026,12.35,3.55,9.66
11-027,12.35,3.55,9.66
11-028,11.79,4.09,9.76
11-029,13.03,3.52,9.90
11-030,12.14,3.89,9.61
11-031,13.11,3.37,9.86
11-032,12.02,3.73,9.65
11-033a,12.64,3.69,9.80
11-033b,12.67,3.59,9.90
11-034,12.85,3.74,10.30
11-035,12.48,3.57,10.05
11-036,12.98,3.72,10.06
11-037,12.85,3.71,10.06
11-038,12.53,3.16,9.93
11-039,12.87,3.37,9.95
11-040,12.70,3.49,10.19
11-041a,12.52,3.20,9.81
11-041b,12.52,3.20,9.81
11-042,12.79,3.61,10.25
11-043,12.69,3.39,10.01
11-044,12.78,3.92,9.84
11-045,11.95,4.49,9.77
11-046,12.62,3.53,9.64
11-047,12.62,3.53,9.64
11-048a,12.26,4.66,10.32
11-048b,11.54,5.83,10.10
11-049,12.35,4.42,10.27
11-050,12.45,4.28,9.90
11-051,12.22,3.74,10.00
11-052,12.22,3.74,10.00
11-053,12.22,3.27,9.94
11-054,12.04,4.47,9.85
11-055,11.57,3.71,9.38
11-056a,12.17,6.43,10.46
11-056b,12.20,4.66,10.01
11-056c,12.35,4.42,10.27
11-056d,12.49,5.59,10.26
11-057,12.50,5.88,10.47
11-058,11.82,4.07,9.61
11-059,11.75,4.23,9.98
11-060,11.80,4.07,9.47
11-061,11.57,3.71,9.38
11-062,11.57,3.71,9.38
11-063a,10.78,4.31,9.80
11-063b,9.74,4.36,9.29
11-064,8.52,5.01,8.92
11-065,10.18,4.60,9.50
11-066,8.59,5.46,9.09
11-067,10.99,4.82,9.64
11-068,10.31,4.51,9.53
11-069,8.02,5.24,8.39
11-070a,8.52,6.33,8.25
11-070b,8.88,5.83,9.32
11-070c,7.96,5.80,7.44
11-071,11.52,4.37,9.57
11-072,8.16,5.38,4.73
11-073,8.95,5.70,4.92
11-074,8.16,5.38,4.73
11-075,8.16,5.38,4.73
11-076,8.72,5.72,5.02
11-077,8.72,5.72,5.02
11-078,8.72,5.72,5.02
11-079,11.62,5.39,9.62
11-080,9.86,6.09,9.39
11-081,8.72,5.72,5.02
11-082,8.78,6.19,4.88
11-083,8.78,6.19,4.88
11-084,8.78,6.19,4.88
11-085,8.78,6.19,4.88
11-087a,8.40,5.92,5.86
11-087b,8.78,6.19,4.88
11-088,8.78,6.19,4.88
11-089a,8.78,6.19,4.88
11-089b,8.78,6.19,4.88
11-090,10.95,5.89,9.59
11-091,8.84,6.43,5.50
11-092,9.38,6.67,9.46
11-093,9.23,7.14,8.95
11-094,8.84,6.43,5.50
11-095,8.84,6.43,5.50
11-096,8.84,6.43,5.50
11-097,8.84,6.43,5.50
11-098,9.23,7.14,8.95
11-099,11.71,6.40,10.43
11-100,9.02,7.00,8.80
11-101,12.03,7.31,10.87
11-102,8.85,6.79,5.75
11-103,11.26,7.58,10.36
11-104,9.90,7.36,9.41
11-105,8.54,6.27,6.50
11-107,9.50,7.64,6.07
11-108,8.54,6.27,6.50
11-109a,8.54,6.27,6.50
11-109b,8.54,6.27,6.50
11-110,8.53,6.30,6.86
11-111,12.03,7.31,10.87
11-112,6.48,4.02,4.63
11-113,8.23,4.57,4.75
11-114,8.23,4.57,4.75
11-115,8.00,4.42,4.87
11-116,8.00,4.42,4.87
11-117,8.42,4.64,5.17
11-118a,8.42,4.64,5.17
11-118b,8.42,4.64,5.17
11-119,9.26,5.13,5.29
11-120,9.15,5.21,5.38
11-121,8.49,5.30,4.85
11-122,8.71,5.51,4.53
11-123,9.12,5.76,5.09
11-124,9.12,5.76,5.09
11-125,9.44,6.21,5.01
11-126a,8.95,5.70,4.92
11-126b,8.95,5.70,4.92
11-127a,8.95,5.70,4.92
11-127b,8.95,5.70,4.92
11-128,8.95,5.70,4.92
11-129,8.95,5.70,4.92
11-130,9.38,7.53,5.42
11-131,10.16,8.75,6.21
11-132,11.78,3.25,7.94
11-133,11.57,2.79,7.85
11-134,11.36,2.79,7.69
11-135,11.31,2.95,7.26
11-136,11.48,3.13,8.35
11-137,11.55,3.74,8.18
11-138,11.16,4.08,8.39
11-139,11.37,4.56,7.96
11-140,11.42,4.58,7.27
11-141,11.37,4.72,7.89
11-142,11.37,4.72,7.89
11-143,11.37,4.56,7.96
11-144,11.42,4.58,7.27
11-145,11.42,4.58,7.27
11-146,11.37,4.72,7.89
11-147,11.39,4.77,7.41
11-148,11.79,4.84,7.56
11-149,11.79,4.84,7.56
11-150,11.39,4.77,7.41
11-151,11.66,5.13,7.66
11-152,11.73,4.70,7.42
11-153,11.66,5.13,7.66
11-154,11.37,4.23,9.48
11-155,11.36,4.69,10.01
11-156,11.46,4.12,9.08
11-157,11.62,7.88,10.91
11-158,11.18,4.69,9.94
11-159,11.11,4.83,10.03
11-160,12.02,7.01,10.57
11-161,11.46,4.12,9.08
11-162,11.38,5.60,10.15
11-163,11.60,7.85,10.88
11-164,11.46,6.99,10.65
11-165,11.05,5.16,9.92
11-166,10.96,4.76,9.94
11-167,11.37,4.57,8.89
11-168,10.91,4.63,9.80
11-169,11.37,4.57,8.89
11-170,11.01,4.94,9.63
11-171,10.97,5.18,10.03
11-172,11.56,4.90,8.31
11-173,10.90,6.39,10.38
11-174,11.05,5.17,9.78
11-175,11.05,5.17,9.78
11-176,11.18,5.06,9.19
11-177,11.31,5.20,8.97
11-178,10.50,5.40,9.60
11-179,10.49,6.25,9.61
11-180,10.50,5.40,9.60
11-181,10.88,4.80,9.34
11-182,10.88,4.80,9.34
11-183,10.88,4.80,9.34
11-184a,10.49,6.25,9.61
11-184b,10.15,7.10,9.59
11-184c,10.00,7.50,9.07
11-185,10.48,4.71,9.27
11-186,10.48,4.71,9.27
11-187,10.48,4.71,9.27
11-188,10.48,4.71,9.27
11-189,10.48,4.71,9.27
11-190a,10.93,4.66,9.40
11-190b,10.93,4.66,9.40
11-190c,10.93,4.66,9.40
11-191,10.48,4.71,9.27
11-192,10.48,4.71,9.27
11-193a,10.48,4.71,9.27
11-193b,10.48,4.71,9.27
11-194,10.93,4.66,9.40
11-195,10.93,4.66,9.40
11-196,9.56,7.45,6.33
11-197,8.67,6.62,7.21
11-200,11.04,7.82,10.41
11-201,8.67,6.62,7.21
11-202,8.67,6.62,7.21
11-203,8.67,6.62,7.21
11-204,8.92,7.07,7.22
11-205,8.98,6.50,6.64
11-206,9.56,7.45,6.33
11-207,8.98,6.50,6.64
11-208a,8.92,7.07,7.22
11-208b,8.92,7.07,7.22
11-209,8.92,7.07,7.22
11-210a,8.92,7.07,7.22
11-210b,8.92,7.07,7.22
11-211,9.93,8.32,9.70
11-212,8.92,7.07,7.22
11-213,11.60,7.85,10.88
11-214,10.19,8.52,10.02
11-215,9.30,7.50,7.47
11-216,10.61,8.69,11.05
11-217,11.41,8.07,10.81
11-218,9.90,7.82,7.12
11-219,9.55,8.73,7.52
11-220,9.55,8.73,7.52
11-221,9.37,9.31,7.55
11-222a,10.00,8.38,10.51
11-222b,8.76,8.22,9.68
11-223,9.73,9.55,7.69
11-224,9.73,9.55,7.69
11-225,9.73,9.55,7.69
11-226,9.64,9.58,7.33
11-227,9.64,9.58,7.33
11-228,11.73,11.05,8.04
11-229a,9.64,9.58,7.33
11-229b,9.03,8.93,7.40
11-230,8.92,8.79,7.16
11-231,8.92,8.79,7.16
11-232,8.92,8.79,7.16
11-233,9.28,7.79,9.34
11-234,8.58,8.07,8.60
11-235,8.92,8.79,7.16
11-236,8.92,8.79,7.16
11-237a,8.79,7.99,8.78
11-237b,8.11,8.02,7.52
11-237c,8.33,7.95,7.52
11-238,9.91,9.56,6.75
11-239,9.90,9.10,6.68
11-240,11.89,12.01,7.92
11-241,9.90,9.10,6.68
11-242,11.05,10.85,7.10
11-243,10.20,9.17,7.34
11-244a,10.78,10.32,8.36
11-244b,12.55,13.28,9.12
11-244c,11.39,10.57,8.11
11-244d,11.10,10.09,8.62
11-245,9.83,8.24,6.84
11-246,10.93,4.66,9.40
11-247,11.54,4.37,9.79
11-248,12.62,3.53,9.64
11-249,11.52,5.71,10.27
11-250,12.49,5.59,10.26
11-251,11.70,5.97,10.22
11-252,12.50,5.88,10.47
11-253,12.02,3.73,9.65
11-254,11.79,4.09,9.76
11-255,12.54,6.60,10.77
11-256,10.19,8.52,10.02
11-257,10.42,7.06,9.89
11-258,10.35,8.36,10.08
11-259,9.93,8.32,9.70
11-260,8.65,7.96,8.77
11-261,8.55,8.11,8.49
11-262,9.02,7.00,8.80
11-263,8.52,6.33,8.25
11-264,8.75,8.44,8.07
11-265,9.01,7.61,8.95
11-266,8.75,8.44,8.07
11-267,8.75,8.44,8.07
11-268,8.75,8.44,8.07
11-269,8.45,6.35,7.71
11-270,8.20,5.78,7.83
11-271,7.45,5.15,7.10
11-272,9.03,8.93,7.40
11-273,9.13,8.66,6.69
11-274,8.67,6.62,7.21
11-275,7.78,5.48,6.50
11-276,9.37,9.31,7.55
11-277,7.41,4.97,6.06
11-278,9.37,9.31,7.55
11-279,9.37,9.31,7.55
11-280,9.73,9.55,7.69
11-281,9.30,7.50,7.47
11-282,8.67,6.62,7.21
11-283,9.30,7.50,7.47
11-284,8.92,7.07,7.22
11-285,8.92,7.07,7.22
11-286,9.13,7.27,6.58
11-287,9.47,7.99,6.48
11-288,11.10,10.09,8.62
11-289,8.78,6.19,4.88
11-290,8.85,6.79,5.75
11-291,8.72,5.72,5.02
11-292,8.72,5.72,5.02
11-293,8.78,6.19,4.88
11-294,8.78,6.19,4.88
11-295,8.72,5.72,5.02
11-296,8.72,5.72,5.02
11-297,9.05,6.02,4.88
11-298,9.05,6.02,4.88
11-299,8.95,5.70,4.92
11-300,8.42,4.64,5.17
11-301,9.05,6.02,4.88
11-302,9.05,6.02,4.88
11-303,11.95,11.35,8.58
11-304,9.05,6.02,4.88
11-305,8.95,5.70,4.92
11-306,9.05,6.02,4.88
11-307,9.05,6.02,4.88
11-308,8.95,5.70,4.92
11-309,9.05,6.02,4.88
11-310,11.95,11.35,8.58
11-311,11.95,11.35,8.58
11-312,8.95,5.70,4.92
11-313,9.44,6.21,5.01
11-314,9.04,4.90,4.87
11-315,12.90,3.66,9.96
11-316,10.62,4.47,9.66
11-317,7.78,4.70,8.46
11-318,7.78,4.70,8.46
11-319,7.78,4.70,8.46
11-320,7.15,4.64,7.82
11-321,6.99,5.28,7.63
11-322,6.99,5.28,7.63
11-323,6.55,4.81,6.95
11-324,9.04,4.90,4.87
11-800,11.31,2.63,8.19
12-001,10.18,5.25,8.94
12-002,10.37,5.04,8.81
12-003a,9.10,6.51,7.55
12-003b,9.94,5.86,7.91
12-003c,9.42,5.98,7.46
12-003d,7.50,6.48,6.14
12-004,10.37,5.04,8.81
12-005,10.90,5.59,8.19
12-006,10.80,5.68,8.41
12-007,9.94,5.86,7.91
12-008,11.40,5.37,7.89
12-009,11.43,5.78,7.99
12-010,10.71,5.84,7.18
12-011,10.85,5.50,7.56
12-012,10.86,6.02,7.37
12-013,10.71,5.84,7.18
12-014,10.69,5.91,7.24
12-015,11.64,5.92,7.88
12-016a,9.37,6.20,6.30
12-016b,9.35,6.03,6.48
12-016c,8.35,6.45,6.12
12-017,11.38,5.99,7.86
12-018,11.38,5.99,7.86
12-019,10.46,6.04,7.12
12-020,9.93,6.61,6.64
12-021,10.97,6.30,7.54
12-022,10.97,6.30,7.54
12-023,11.14,6.17,7.55
12-024,8.52,6.37,5.43
12-025,11.25,6.78,7.60
12-026,9.99,6.59,6.64
12-027,8.55,6.19,5.56
12-027a,8.60,6.62,5.54
12-027c,7.66,5.81,4.45
12-028,11.05,10.85,7.10
12-029,11.05,10.85,7.10
12-030,7.42,6.65,5.99
12-031,10.92,10.94,7.17
12-032,12.03,11.75,7.57
12-033,8.93,7.89,6.11
12-034,9.73,8.75,6.45
12-035,9.73,8.75,6.45
12-036,8.93,7.89,6.11
12-037,12.03,11.67,7.82
12-038a,11.05,10.70,7.13
12-038b,11.05,10.70,7.13
12-038c,11.05,10.70,7.13
12-039,9.01,7.53,5.88
12-040,9.01,7.53,5.88
12-041,8.38,6.74,7.97
12-042,9.01,7.53,5.88
12-043a,8.87,7.70,5.73
12-043b,8.87,7.70,5.73
12-044,7.99,7.42,5.58
12-045,7.99,7.42,5.58
12-046,8.43,7.73,5.71
12-047,7.99,7.42,5.58
12-048,7.99,7.42,5.58
12-049,8.39,8.28,5.91
12-050,8.39,8.28,5.91
12-051,8.06,7.21,5.59
12-052a,9.71,9.48,6.77
12-052b,8.39,8.28,5.91
12-053,8.39,8.28,5.91
12-054,9.71,9.48,6.77
12-055a,9.71,9.48,6.77
12-055b,9.71,9.48,6.77
12-056,9.47,9.63,6.93
12-057,6.83,6.18,4.23
12-058,8.94,8.63,6.43
12-059,8.40,7.25,4.75
12-060,6.69,5.07,3.76
12-061,8.40,7.25,4.75
12-062,7.65,5.84,3.71
12-063,8.65,6.99,4.85
12-064,6.39,4.43,3.40
12-065,7.11,5.07,3.61
12-066,6.39,4.43,3.40
12-067,9.50,9.03,6.46
12-068,8.65,6.99,4.85
12-069,8.76,7.66,4.98
12-070,8.76,7.66,4.98
12-071,8.76,7.66,4.98
12-072,10.52,7.02,6.63
12-073,11.59,7.13,7.45
12-075,11.15,7.14,7.43
12-076,10.54,7.20,6.76
12-077,10.06,7.49,5.97
12-078,10.06,7.49,5.97
12-080,10.06,7.49,5.97
12-081,11.04,8.04,6.37
12-082,11.04,8.04,6.37
12-083,12.04,8.75,7.13
12-084,12.60,9.63,7.72
12-085,10.63,9.22,6.40
12-086,10.63,9.22,6.40
12-087,12.60,9.63,7.72
12-088,11.96,9.59,7.03
12-089,10.63,9.22,6.40
12-091,12.50,10.26,7.92
12-092,8.92,8.15,5.16
12-093,6.66,5.12,2.87
12-094,8.92,8.15,5.16
12-095,9.05,8.12,5.24
12-096,7.83,6.64,4.75
12-097,9.05,8.12,5.24
12-098,9.05,8.12,5.24
12-099,10.62,11.22,7.52
12-100,8.06,7.54,4.47
12-101,9.31,9.37,6.18
12-102,7.83,6.64,4.75
12-103,9.20,9.39,5.95
12-104,9.20,9.39,5.95
12-105,7.17,6.95,4.38
12-106,7.99,7.70,4.85
12-107,8.95,9.39,5.88
12-108,8.95,9.39,5.88
12-109,8.95,9.39,5.88
12-110,8.51,9.18,5.65
12-111,8.51,9.18,5.65
12-112,7.24,7.70,4.15
12-113,7.84,8.60,4.56
12-114,8.39,9.88,5.89
12-115,7.52,9.01,5.00
12-116,8.39,9.88,5.89
12-118,8.19,9.99,5.77
12-119,7.58,9.37,5.21
12-120,9.80,9.45,6.02
12-121,7.57,9.06,4.57
12-122,7.58,9.37,5.21
12-123,7.82,9.18,4.60
12-124,9.23,9.96,5.45
12-125,10.02,10.10,6.08
12-126,7.71,9.46,4.80
12-127,8.29,10.39,5.36
12-129,7.71,9.46,4.80
12-130,7.66,9.61,4.50
12-131,10.56,10.95,6.17
12-132,10.56,10.95,6.17
12-133,7.77,9.45,4.28
12-134,8.10,10.49,5.52
12-135,8.10,10.49,5.52
12-136,10.56,10.95,6.17
12-137,8.18,10.54,5.67
12-138,9.80,10.30,5.48
12-139,7.30,9.96,4.19
12-141,8.18,10.54,5.67
12-142,7.36,10.25,4.68
12-143,8.18,10.54,5.67
12-144,10.32,11.00,6.29
12-145,8.16,9.97,4.32
12-146,7.30,9.96,4.19
12-148,7.30,9.96,4.19
12-149,8.92,8.15,5.16
12-150,8.43,7.73,5.71
12-151,9.73,8.75,6.45
12-152,9.73,8.75,6.45
12-154,10.92,10.94,7.17
13-001,7.63,10.27,5.77
13-002,9.06,11.92,6.03
13-004,10.69,11.27,6.32
13-005,9.06,11.92,6.03
13-006,8.27,10.46,4.51
13-007,10.69,11.27,6.32
13-008,8.30,10.62,4.74
13-009,9.28,12.08,6.25
13-010a,9.28,12.08,6.25
13-010b,9.28,12.08,6.25
13-011,8.46,11.30,6.34
13-012,9.34,10.83,5.46
13-013,10.33,11.26,6.51
13-014,7.25,10.41,4.31
13-015,9.28,12.08,6.25
13-016a,9.95,13.02,7.19
13-016b,9.95,13.02,7.19
13-017a,9.95,13.02,7.19
13-017b,9.95,13.02,7.19
13-017c,9.95,13.02,7.19
13-019,9.89,11.62,6.12
13-020,9.48,11.51,5.39
13-021,7.14,10.77,5.28
13-022,7.59,10.72,4.67
13-023,7.14,10.77,5.28
13-024,8.31,11.08,5.12
13-025,8.31,11.08,5.12
13-026,7.46,11.05,4.98
13-027,7.47,11.06,6.06
13-028,11.02,13.21,7.84
13-029,9.78,11.61,6.14
13-030,9.47,11.46,5.87
13-031,9.47,11.46,5.87
13-032,7.68,11.19,5.79
13-033,9.44,11.40,6.18
13-034,9.21,11.59,6.39
13-035,8.71,11.21,6.24
13-036,7.37,11.22,5.99
13-037,9.67,11.43,5.71
13-038,7.72,11.11,6.14
13-040,9.67,11.43,5.71
13-041,7.72,11.11,6.14
13-042,9.99,12.00,8.64
13-043,9.86,11.62,7.66
13-045,9.58,11.49,7.11
13-048,7.93,11.21,6.26
13-049,9.08,10.77,5.71
13-050a,10.10,11.30,6.82
13-050b,10.10,11.30,6.82
13-051,9.37,11.64,8.14
13-052,7.99,11.14,5.83
13-053,8.71,11.39,6.77
13-054,9.65,12.02,8.81
13-055,8.31,11.15,6.03
13-056,9.62,11.13,6.05
13-057a,9.65,12.02,8.81
13-057b,9.65,12.02,8.81
13-058a,9.90,12.15,8.86
13-058b,9.90,12.15,8.86
13-059,7.91,11.36,6.23
13-060,8.06,11.19,6.20
13-061a,9.62,11.13,6.05
13-061b,9.17,11.18,6.03
13-061c,9.17,11.18,6.03
13-062,9.90,12.15,8.86
13-063,8.16,10.76,6.18
13-064,8.78,11.75,7.37
13-065,7.99,11.45,6.50
13-066,8.78,11.75,7.37
13-068,8.87,11.83,7.84
13-069,9.93,12.17,9.28
13-070,9.93,12.17,9.28
13-071,8.87,11.83,7.84
13-072,8.04,11.50,6.92
13-073,8.68,10.30,6.13
13-074,9.92,11.39,7.68
13-075,8.74,11.63,8.50
13-076,7.91,10.83,6.80
13-077,6.65,9.95,6.13
13-078,7.17,9.26,6.71
13-079a,7.67,10.66,7.39
13-079b,7.07,10.14,7.06
13-079c,7.17,9.26,6.71
13-080,10.76,12.28,10.41
13-081,7.84,10.85,7.81
13-083,8.72,11.45,8.63
13-084,6.79,10.31,7.12
13-085,10.55,12.33,9.99
13-086,9.36,11.60,9.39
13-087,6.38,10.38,7.06
13-088,6.86,9.63,6.49
13-089,6.69,9.74,6.27
13-091,9.44,11.92,9.56
13-092,11.49,12.88,10.69
13-093a,6.02,9.59,5.84
13-093b,7.21,9.57,5.97
13-093c,7.21,9.57,5.97
13-095,8.49,10.87,8.36
13-096,7.00,9.62,7.10
13-097,7.45,9.66,7.73
13-100,5.91,8.93,5.70
13-101a,9.32,11.33,9.69
13-101b,9.32,11.33,9.69
13-101c,7.98,9.83,8.74
13-102,9.32,11.33,9.69
13-104,6.10,8.69,5.84
13-105,7.98,9.83,8.74
13-107,6.01,8.72,6.09
13-108,5.92,9.16,5.37
13-109,5.81,7.95,5.72
13-110,9.26,11.10,9.45
13-111,6.56,8.74,6.94
13-112,9.26,11.10,9.45
13-113,5.81,7.95,5.72
13-114,8.07,9.59,8.74
13-116,9.80,11.38,7.37
13-117a,8.89,10.98,7.48
13-117b,8.80,10.80,7.11
13-118a,9.82,12.03,7.74
13-118b,9.82,12.03,7.74
13-119,10.02,12.46,7.85
13-120,9.90,12.17,7.42
13-121,9.98,12.45,7.39
13-122,6.57,9.77,5.39
13-123,7.81,10.90,6.59
13-124,7.04,10.02,6.23
13-125,8.84,11.60,7.26
13-126,6.53,10.28,5.76
13-127,8.24,11.00,6.78
13-128,7.93,10.99,6.87
13-129,7.71,10.47,5.80
13-130,7.75,10.54,6.30
13-131,8.07,11.19,6.76
13-132,8.07,11.19,6.76
13-133,7.76,10.58,6.21
13-134,9.88,12.20,9.73
13-135,9.88,12.20,9.73
13-136,7.70,10.62,6.40
13-137,9.34,11.35,7.51
14-001,7.77,9.07,8.45
14-002,5.62,7.63,5.22
14-003,5.64,8.43,5.18
14-004,5.41,7.20,4.79
14-005,5.41,7.20,4.79
14-006,5.46,6.93,4.87
14-007,5.41,7.20,4.79
14-008,5.41,7.20,4.79
14-009,4.86,6.39,4.41
14-010,6.56,7.79,6.86
14-011,4.53,5.72,4.11
14-012,6.11,6.33,5.38
14-013,6.11,6.33,5.38
14-014,7.06,7.17,6.28
14-015,6.57,6.67,5.68
14-016,6.85,10.38,6.41
14-017,6.32,9.03,5.22
14-018,6.43,9.42,4.89
14-019,7.36,10.94,5.12
14-020,7.36,10.94,5.12
14-022,4.80,7.22,4.14
14-023,6.74,9.63,5.07
14-024,7.36,10.94,5.12
14-025,7.36,10.94,5.12
14-026a,5.87,8.20,4.45
14-026b,5.86,8.14,4.48
14-026c,5.45,7.18,4.28
14-026d,5.45,7.18,4.28
14-026e,5.45,7.18,4.28
14-028,8.49,12.28,6.35
14-029,5.74,7.42,4.06
14-031,5.74,7.42,4.06
14-032,6.36,8.37,4.77
14-033a,6.82,9.42,5.47
14-033b,6.85,9.60,5.53
14-034,8.69,12.27,6.52
14-035,8.36,11.86,6.27
14-036,7.89,10.68,5.10
14-037,7.92,11.48,5.36
14-038,7.73,11.14,5.25
14-039,8.01,12.19,5.75
14-040,8.01,12.19,5.75
14-042a,5.86,8.14,4.48
14-042b,5.86,8.14,4.48
14-042c,5.45,7.18,4.28
14-043,8.79,12.11,6.51
14-044,7.56,11.65,5.54
14-045,9.04,11.67,5.31
14-046,9.04,11.67,5.31
14-047,9.62,12.00,5.71
14-048,7.94,12.53,6.30
14-049,9.96,11.83,6.11
14-050,8.01,12.25,5.28
14-051,7.98,12.35,6.32
14-052,8.04,12.17,6.24
14-053,7.43,11.66,5.16
14-054,8.49,11.39,4.10
14-055,7.74,11.70,5.58
14-056,9.02,11.03,4.32
14-057a,7.74,11.70,5.58
14-057b,7.74,11.70,5.58
14-057c,7.74,11.70,5.58
14-058,8.52,12.57,6.35
14-059,8.52,12.57,6.35
14-060,7.79,11.97,5.83
14-061,7.38,11.74,4.78
14-062,8.83,11.52,3.78
14-063,8.52,11.45,3.43
14-064,7.30,11.63,4.02
14-065,7.25,11.63,3.95
14-066,8.07,11.79,3.62
14-067,8.09,13.20,6.36
14-068,7.47,11.88,4.43
14-069,7.30,12.23,5.34
14-070,7.70,12.95,5.83
14-071a,8.09,13.20,6.36
14-071b,8.09,13.20,6.36
14-072,8.07,11.79,3.62
14-073,10.34,12.01,6.72
14-074,10.11,10.98,6.28
14-075,10.58,11.10,7.39
14-076,10.07,10.78,6.31
14-077a,10.20,10.59,6.80
14-077b,10.20,10.59,6.80
14-078,10.41,10.50,7.39
14-079,10.10,9.41,7.44
14-080,9.06,10.93,3.81
14-081,9.06,10.93,3.81
14-082,8.82,10.64,3.62
14-083,9.23,9.53,6.57
14-084,8.63,11.05,3.59
14-085,10.28,9.05,7.44
14-086,10.52,8.71,7.38
14-087,8.42,11.54,3.61
14-088,8.96,10.53,4.12
14-089,10.94,8.89,7.61
14-090,7.92,11.82,4.27
14-091,7.76,12.93,6.05
14-092,8.02,11.57,4.94
14-093,7.41,12.10,5.75
14-094,7.92,11.82,4.27
14-096,7.57,11.77,5.36
14-097,7.92,11.82,4.27
14-098a,8.02,11.57,4.94
14-098b,8.02,11.57,4.94
14-099,7.57,11.77,5.36
14-100,7.92,12.41,6.09
14-101,7.85,12.12,5.17
14-102,7.92,12.41,6.09
14-103,7.85,12.12,5.17
14-104,8.22,12.13,6.44
14-105,8.22,12.13,6.44
14-106,8.71,11.99,6.90
14-107a,9.03,12.47,7.65
14-107b,9.03,12.47,7.65
14-108,9.03,12.47,7.65
14-109,8.59,11.41,3.96
14-110,9.80,8.54,6.76
14-111,7.84,10.88,4.61
14-112,9.51,8.36,6.68
14-113,9.51,8.36,6.68
14-114,8.61,8.66,5.98
14-115,8.04,10.54,4.99
14-116a,8.63,8.99,5.30
14-116b,8.61,8.66,5.98
14-116c,8.61,8.66,5.98
14-116d,8.63,8.99,5.30
14-117,8.21,10.72,4.57
14-118,8.03,9.40,5.06
14-119a,7.72,10.85,5.12
14-119b,7.72,10.85,5.12
14-120a,7.72,10.85,5.12
14-120b,7.72,10.85,5.12
14-120c,7.72,10.85,5.12
14-120d,7.72,10.85,5.12
14-120e,7.74,10.81,5.16
14-120f,7.72,10.85,5.12
14-120g,7.72,10.85,5.12
14-120h,7.72,10.85,5.12
14-120j,7.74,10.81,5.16
14-121,7.80,10.45,5.24
14-122a,8.10,10.85,5.96
14-122b,8.53,11.38,6.76
14-123,7.87,9.56,4.94
14-124,9.39,11.77,7.49
14-125,7.76,10.06,5.27
14-126,7.76,10.06,5.27
14-127a,9.06,11.09,7.22
14-127b,9.06,11.09,7.22
14-128,7.56,10.04,5.57
14-129a,7.99,10.78,6.76
14-129b,7.99,10.78,6.76
14-131,7.10,9.67,5.33
14-132a,7.93,9.09,4.89
14-132b,8.35,8.87,5.40
14-132c,7.93,9.09,4.89
14-133,7.96,8.73,4.91
14-134,7.93,9.09,4.89
14-135,7.02,8.70,4.49
14-136a,6.55,8.78,5.00
14-136b,6.55,8.78,5.00
14-137,11.32,9.04,7.72
14-138,11.49,8.93,8.11
14-139,11.36,9.20,7.87
14-140,11.49,9.49,8.36
14-141,8.94,8.74,6.57
14-142,9.94,8.88,7.11
14-143,8.94,8.74,6.57
14-144,8.72,8.97,6.50
14-145,9.53,8.95,7.03
14-146,11.09,9.73,8.27
14-147a,8.53,8.93,5.93
14-147b,8.53,8.93,5.93
14-149,10.04,9.66,7.60
14-150,8.64,9.06,6.66
14-151,10.01,9.34,7.78
14-152,10.01,9.34,7.78
14-153a,9.81,8.96,7.63
14-153b,9.81,8.96,7.63
14-154,10.79,9.57,8.55
14-159a,8.61,12.21,6.64
14-159b,8.60,12.32,6.41
14-160,9.47,11.72,6.59
14-161,5.55,7.88,4.90
14-162,8.10,13.22,6.99
14-163,7.02,8.70,4.49
15-001,5.86,8.32,3.47
15-002,5.68,8.38,3.44
15-003,5.41,8.30,2.58
15-004a,5.07,8.17,2.87
15-004b,5.07,8.17,2.87
15-004c,4.64,7.82,2.22
15-005,4.53,8.18,2.19
15-006,4.46,8.22,2.06
15-007,4.42,7.57,1.93
15-008,4.38,7.51,1.46
15-009,4.43,7.77,2.13
15-011,3.97,7.57,0.86
15-012,3.46,7.11,0.49
15-013,3.16,7.41,0.49
15-014a,3.21,6.21,0.49
15-014b,3.21,6.21,0.49
15-015,7.10,7.94,3.78
15-016,7.74,7.63,5.04
15-017a,9.13,8.25,7.40
15-017b,10.15,9.21,8.24
15-017c,9.13,8.25,7.40
15-018,7.10,7.94,3.78
15-019,6.93,6.80,3.85
15-020,5.75,7.82,3.07
15-021a,9.59,8.55,8.01
15-021b,9.59,8.55,8.01
15-022,8.13,7.35,6.15
15-023,8.61,7.74,7.02
15-024,6.77,6.62,3.31
15-025,8.54,7.11,6.63
15-026,8.75,7.85,7.55
15-027,7.01,6.79,4.76
15-028,5.42,7.24,2.48
15-029,8.23,7.76,6.61
15-030,4.55,7.03,1.83
15-031,4.75,7.23,2.30
15-032,8.46,7.76,7.22
15-033,4.75,7.23,2.30
15-034,8.27,7.49,6.91
15-035,4.79,7.23,2.75
15-036,4.79,7.23,2.75
15-037,8.27,7.49,6.91
15-038,7.87,7.30,6.83
15-039,3.93,7.52,1.27
15-040,7.87,7.30,6.83
15-041,7.87,7.30,6.83
15-042,7.57,7.49,6.69
15-043,3.67,6.99,0.94
15-044,3.94,7.47,1.87
15-045,4.75,7.15,2.95
15-046,8.65,7.38,7.71
15-047,4.56,6.87,2.65
15-048,4.56,6.87,2.65
15-049,3.46,6.92,0.79
15-050,8.55,7.59,7.43
15-051,3.18,6.31,0.47
15-052,3.30,7.15,0.48
15-053,3.18,6.31,0.47
15-054,3.20,7.23,0.62
15-055,3.20,7.23,0.62
15-056,3.01,7.73,0.77
15-057,3.01,7.73,0.77
15-058,3.20,7.23,0.62
15-059a,3.20,8.41,1.12
15-059b,3.05,8.68,1.17
15-060,3.04,8.38,1.13
15-061,3.04,8.38,1.13
15-062,3.04,8.38,1.13
15-063,3.20,8.41,1.12
15-064,3.04,8.38,1.13
15-065,3.02,8.20,1.15
15-066,2.62,9.78,1.75
15-067,2.81,9.75,1.75
15-068,2.81,9.75,1.75
15-069,2.59,10.05,2.22
15-070,3.69,7.02,1.57
15-071a,3.30,7.23,0.80
15-071b,3.30,7.23,0.80
15-071c,3.60,6.98,1.10
15-072,7.59,7.35,6.22
15-073,7.59,7.35,6.22
15-074,3.69,7.02,1.57
15-075a,7.31,7.55,6.03
15-075b,7.59,7.35,6.22
15-075c,7.31,7.55,6.03
15-076,3.46,7.78,1.42
15-077,3.65,7.49,1.45
15-078,3.14,7.40,0.81
15-079,7.31,7.55,6.03
15-080,7.71,7.47,6.83
15-081,3.13,7.36,0.97
15-082,3.50,7.98,1.47
15-083,3.13,7.36,0.97
15-084,5.35,7.49,3.63
15-085,7.71,7.47,6.83
15-086,3.00,7.59,1.14
15-087,7.35,7.64,6.46
15-088,6.31,7.45,4.95
15-089,2.96,8.60,2.04
15-090,6.80,7.42,6.24
15-091a,5.29,6.93,4.75
15-091b,5.29,6.93,4.75
15-092,6.62,7.41,6.08
15-093,2.71,8.83,2.44
15-094,5.12,7.08,4.91
15-095,3.28,7.79,2.45
15-096,6.09,7.54,5.62
15-098,3.25,8.40,2.77
15-099a,6.06,7.86,5.64
15-099b,7.06,7.96,7.57
15-099c,6.89,8.16,7.74
15-099d,6.03,8.08,5.96
15-099e,7.06,7.96,7.57
15-800,4.75,7.15,2.95
15-801,4.21,6.86,2.49
16-001,2.39,10.28,2.75
16-002,2.35,11.02,2.93
16-003,2.46,11.01,3.38
16-004,6.46,1.94,1.53
16-005,2.43,11.43,4.18
16-006,2.41,11.65,4.59
16-007,2.34,11.87,6.48
16-008a,2.33,11.89,6.35
16-008b,2.33,11.89,6.35
16-009a,2.33,11.89,6.35
16-009b,2.33,11.89,6.35
16-010,2.36,11.98,6.36
16-011,4.57,7.77,4.71
16-012a,2.75,9.13,2.98
16-012b,2.75,9.13,2.98
16-013a,4.57,7.77,4.71
16-013b,6.03,8.08,5.96
16-013c,6.03,8.08,5.96
16-014a,3.23,8.78,2.80
16-014b,3.94,7.96,3.20
16-015,2.75,9.13,2.98
16-016,3.94,8.85,4.27
16-017,3.94,8.85,4.27
16-018a,4.39,8.28,5.03
16-018b,3.94,8.85,4.27
16-019,5.82,8.58,6.34
16-020a,3.25,9.92,3.94
16-020b,4.55,8.80,5.59
16-022a,2.65,10.86,3.72
16-022b,2.65,10.86,3.72
16-023,3.13,10.58,4.61
16-024,4.42,9.93,5.87
16-025,5.82,9.45,7.40
16-026,4.03,10.83,7.04
16-027,4.03,11.29,7.08
16-028,2.62,11.54,5.54
16-029,4.14,11.31,7.38
16-030,6.21,10.45,8.19
16-031,3.06,11.44,6.06
16-032,4.96,10.34,7.62
16-033,7.13,9.66,8.71
16-034,6.41,10.63,8.43
16-035,6.86,10.62,8.71
16-036,7.04,10.20,8.58
16-037,2.72,11.50,6.37
16-038,2.72,11.50,6.37
16-039a,2.69,11.51,6.78
16-039b,2.74,11.59,6.54
16-040,3.78,10.00,6.54
16-041,4.73,10.09,7.33
16-042,4.36,10.15,6.94
16-043a,3.76,10.31,5.92
16-043b,3.76,10.31,5.92
16-044a,4.28,10.51,6.75
16-044b,4.06,10.83,6.30
16-045a,3.38,12.14,6.89
16-045b,3.38,12.14,6.89
16-046,3.87,10.55,5.79
16-047,3.44,12.05,6.31
16-048,3.44,12.05,6.31
16-049,3.67,11.08,5.42
16-051a,3.57,11.09,5.45
16-051b,3.57,11.09,5.45
16-052,3.38,10.74,5.27
16-053,3.48,10.85,5.22
16-054a,3.15,11.11,4.88
16-054b,3.15,11.11,4.88
16-054c,3.15,11.11,4.88
16-054d,3.15,11.11,4.88
16-054e,3.15,11.11,4.88
16-054f,3.15,11.11,4.88
16-054g,3.11,10.57,4.87
16-055,3.11,10.57,4.87
16-056,3.12,11.24,4.98
16-057,5.29,10.25,7.59
16-058,6.92,10.45,8.21
16-059,4.62,10.33,7.51
16-060,4.62,10.33,7.51
16-061,6.44,10.93,7.84
16-062a,4.38,10.71,7.19
16-062b,4.38,10.71,7.19
16-062c,4.38,10.71,7.19
16-063,6.82,10.16,7.76
16-064,4.35,10.90,7.11
16-065,5.61,10.20,7.51
16-066a,6.27,9.83,7.75
16-066b,5.38,10.32,7.35
16-067,4.40,10.34,7.21
16-068,3.39,10.88,6.23
16-069,5.58,10.36,7.56
16-070,5.28,10.33,7.38
16-071,3.01,10.70,5.60
16-072,5.28,10.33,7.38
16-073,2.91,10.56,5.51
16-074,2.91,10.56,5.51
16-075,5.65,9.72,7.08
16-076,5.97,9.48,7.41
16-077,5.37,9.32,6.46
16-078,5.97,9.48,7.41
16-079,6.34,9.25,7.75
16-080,3.07,11.62,6.33
16-081,2.74,11.59,6.54
16-082,2.74,11.59,6.54
16-083,2.35,11.02,2.93
16-084,2.35,11.02,2.93
16-085,2.35,11.02,2.93
16-086,2.43,11.43,4.18
16-087,2.43,11.43,4.18
16-088,2.34,11.87,6.48
16-089,2.90,11.81,6.69
16-090,2.90,11.81,6.69
16-091,3.38,12.14,6.89
16-092,3.26,11.99,6.25
16-093,3.56,12.10,6.38
16-095,3.57,11.16,5.31
16-096,3.57,11.16,5.31
16-097,3.57,11.16,5.31
16-098,3.57,11.16,5.31
16-099,3.57,11.16,5.31
16-100,3.57,11.16,5.31
16-102,3.57,11.16,5.31
16-103,3.57,11.16,5.31
16-104,3.57,11.16,5.31
16-105,3.57,11.16,5.31
16-106,3.57,11.16,5.31
16-107,3.57,11.16,5.31
16-108,3.38,10.74,5.27
16-109,3.38,10.74,5.27
16-110,3.38,10.74,5.27
16-111,3.48,10.85,5.22
16-112,3.12,11.24,4.98
16-113,3.12,11.24,4.98
16-118,2.70,11.55,5.48
16-800,4.79,11.05,7.63
16-801,3.46,11.01,5.52
17-001a,2.57,10.37,5.21
17-001b,2.69,10.36,4.71
17-001c,2.57,10.37,5.21
17-001d,2.57,10.37,5.21
17-002a,2.68,10.17,4.52
17-002b,2.68,10.17,4.52
17-003a,5.97,9.48,7.41
17-003b,5.66,9.22,6.64
17-004,2.54,10.23,4.76
17-005,3.98,9.17,5.66
17-006,2.48,9.66,5.19
17-007,3.34,8.98,5.32
17-008,4.49,8.47,5.67
17-009a,2.43,11.03,4.22
17-010,2.27,9.46,4.82
17-011,2.47,9.22,5.32
17-012,2.45,10.66,4.27
17-012b,2.45,10.66,4.27
17-013,2.45,10.66,4.27
17-014,3.15,7.98,5.31
17-015,2.24,8.84,4.80
17-016a,2.46,8.34,5.53
17-016b,3.10,8.20,5.37
17-017,2.25,8.98,5.32
17-018a,2.26,9.02,5.37
17-018b,2.24,8.92,5.11
17-020a,2.72,8.19,5.29
17-020b,2.72,8.19,5.29
17-021a,2.59,8.38,5.61
17-021b,2.72,8.19,5.29
17-023,2.59,8.38,5.61
17-024,2.29,9.52,5.37
17-025,4.49,8.47,5.67
17-026,5.89,7.71,6.38
17-027,4.86,8.13,6.00
17-028,3.80,7.53,5.41
17-029a,5.44,7.27,6.46
17-029b,5.44,7.27,6.46
17-030,3.59,7.55,5.62
17-031,3.54,7.56,5.53
17-032,4.25,7.06,5.79
17-033,3.36,7.56,5.42
17-034,2.30,8.91,5.45
17-035,3.53,7.54,5.94
17-037,2.47,8.07,5.73
17-038,2.32,9.24,5.67
17-039,2.11,8.75,4.03
17-040,2.06,8.87,4.06
17-041,2.27,9.82,5.34
17-042,2.46,8.62,5.72
17-043a,2.06,8.87,4.06
17-043b,2.06,8.87,4.06
17-043c,2.06,8.87,4.06
17-044,2.25,9.96,5.46
17-045,1.98,8.39,3.88
17-046,2.03,8.65,4.37
17-047,1.95,9.12,5.55
17-048,1.94,8.31,4.15
17-049,1.90,8.09,4.12
17-050,1.90,8.09,4.12
17-051,1.95,8.31,5.63
17-052,1.89,8.22,3.97
17-053,1.77,7.39,3.27
17-054,1.74,7.53,3.55
17-055,1.74,7.53,3.55
17-056,1.88,7.60,3.59
17-057,3.94,7.71,5.87
17-058,5.32,8.25,7.06
17-059a,2.81,8.39,5.97
17-059b,3.15,7.92,5.85
17-059c,3.62,8.12,5.74
17-060,2.51,8.35,5.95
17-061,2.46,8.16,5.91
17-062,4.09,8.33,6.07
17-063a,2.46,8.16,5.91
17-063b,2.46,8.16,5.91
17-064,2.12,8.16,5.46
17-065,4.31,8.03,5.99
17-066,2.14,8.09,5.89
17-067,1.94,7.95,5.62
17-068,4.35,7.69,5.95
17-069,4.11,7.48,5.46
17-070,1.98,8.54,4.47
17-071,5.67,8.19,6.96
17-072,4.49,8.47,5.67
17-073,5.10,7.97,6.95
17-074,3.09,11.83,5.09
17-075,3.09,11.83,5.09
17-076,3.06,11.69,4.60
18-001,1.80,7.35,3.48
18-003,1.80,7.35,3.48
18-004,1.80,7.35,3.48
18-005,1.80,7.35,3.48
18-006,2.03,7.56,3.94
18-007,1.98,8.99,5.34
18-008,2.41,7.68,5.22
18-009,2.64,8.11,5.72
18-010,2.83,7.88,6.43
18-011,2.87,7.69,6.94
18-013,2.66,9.11,5.85
18-014,3.06,8.69,6.17
18-015,3.06,8.69,6.17
18-016,4.13,7.47,5.06
18-017,3.24,7.13,5.03
18-018,1.84,8.83,5.90
18-019,4.32,7.35,5.38
18-020,3.04,6.96,4.59
18-021,2.21,7.31,4.79
18-022,2.27,7.14,4.61
18-023,5.32,8.11,6.49
18-024,2.04,8.25,4.92
18-025,3.24,8.00,5.28
18-026,2.03,8.40,5.29
18-027,2.53,8.22,5.30
18-028,2.05,8.16,5.28
18-029,2.15,8.25,5.25
18-030,3.52,7.64,5.40
18-031,3.12,7.19,5.01
18-032,2.50,7.44,5.11
18-033,5.89,8.44,6.55
18-034,7.24,7.46,8.30
18-035,6.80,8.54,7.33
18-036,5.71,8.66,6.83
18-037,6.10,8.14,7.14
18-038,6.12,7.72,7.02
18-039,5.92,6.66,6.91
18-040,5.08,7.68,6.60
18-041,6.01,6.80,6.50
18-042,5.00,7.54,6.52
18-043,2.77,6.88,4.60
18-044,4.17,7.21,6.00
18-045,5.66,6.49,6.68
18-046,6.25,7.29,7.65
18-048,2.69,9.28,6.36
18-049a,2.53,8.87,6.86
18-049b,2.53,8.87,6.86
18-049c,2.88,9.28,7.49
18-049d,2.36,9.11,6.55
18-049e,2.69,9.28,6.36
18-050,4.26,9.21,9.41
18-051,4.05,8.52,8.97
18-052a,2.67,9.34,6.93
18-052b,2.67,9.34,6.93
18-053,2.55,9.28,6.81
18-054a,2.74,9.34,7.18
18-054b,3.12,9.46,7.55
18-054c,2.91,9.46,7.01
18-054d,2.91,9.46,7.01
18-054e,2.72,9.37,6.91
18-054f,2.67,9.34,6.93
18-054g,2.67,9.34,6.93
18-058,3.11,9.31,7.60
18-059,2.92,8.79,7.49
18-061,2.91,9.46,7.01
18-062,2.92,8.79,7.49
18-064,3.47,8.85,8.18
18-065,3.47,8.85,8.18
18-066,4.60,8.99,9.60
18-067,4.60,8.99,9.60
18-068,4.09,8.76,9.31
18-069a,3.01,6.59,5.23
18-069b,3.01,6.59,5.23
18-070,5.66,6.49,6.68
18-071,5.09,6.14,6.28
18-072,3.72,6.59,5.87
18-073,2.66,6.17,5.18
18-074,4.56,5.60,5.88
18-075,1.92,5.70,4.21
18-076,2.56,5.41,5.40
18-077,3.60,5.55,5.85
18-078,1.79,5.92,4.07
18-079,2.21,4.79,4.71
18-080,6.11,7.09,7.20
18-081,4.94,6.15,6.35
18-082,5.17,6.94,7.92
18-083,4.36,5.33,5.96
18-084a,4.39,5.34,6.30
18-084b,4.36,5.33,5.96
18-084c,3.55,5.02,5.66
18-085a,3.50,4.99,5.74
18-085b,3.50,4.99,5.74
18-086,4.50,5.89,6.86
18-087,4.79,6.11,7.19
18-088,3.14,4.68,5.46
18-089,4.55,5.37,6.47
18-090,4.01,4.73,6.26
18-091,3.02,4.15,5.32
18-092,4.41,5.48,5.73
18-093,4.41,5.48,5.73
18-094,4.02,4.68,5.69
18-095,2.79,4.67,5.46
18-096,2.30,4.61,5.17
18-097,4.71,6.28,6.68
18-098,4.07,5.12,5.46
18-099,2.98,3.73,5.07
18-100a,2.60,3.79,4.85
18-100b,2.42,3.84,4.77
18-101,3.69,4.57,5.19
18-102,3.31,4.45,4.94
18-103,2.77,3.52,4.87
18-104,2.77,3.52,4.87
18-105a,2.77,3.52,4.87
18-105b,3.10,4.11,4.91
18-106,2.10,4.35,4.94
18-107,4.26,5.21,5.83
18-108,4.47,5.72,6.58
18-109,4.45,5.70,6.36
18-110,4.09,5.16,6.33
18-111,4.07,5.16,5.63
18-112,4.09,5.16,6.33
18-113,4.09,5.16,6.33
18-114,3.93,5.29,6.69
18-115,3.40,5.01,5.89
18-116,3.55,4.74,6.70
18-117,3.15,4.01,5.59
18-118,3.22,4.41,4.85
18-119,3.49,4.39,6.23
18-120,3.67,4.77,6.94
18-121a,4.18,5.63,5.64
18-121b,3.50,4.85,5.61
18-122,4.49,5.14,8.30
18-123,4.03,4.72,7.79
18-124,6.77,7.24,7.33
18-125,5.09,6.14,6.28
18-126,4.09,5.60,6.03
18-127,4.56,5.60,5.88
18-128,6.31,7.46,8.05
18-129,5.77,7.32,8.94
18-130,4.45,5.70,6.36
18-131,4.58,6.15,6.98
18-132,4.47,5.71,6.81
18-133,4.44,5.39,7.32
18-134,3.76,5.13,7.35
18-135,3.73,4.68,7.69
18-136,4.17,4.57,7.94
18-137,4.24,4.79,8.13
18-138,5.23,8.30,6.33
18-139,5.32,8.11,6.49
18-800,6.86,11.52,12.81
19-001,5.38,9.82,10.61
19-002,5.38,9.82,10.61
19-003,5.38,9.82,10.61
19-004,5.85,10.19,11.77
19-005,6.85,11.21,13.09
19-006,5.05,7.67,9.31
19-009a,5.88,8.71,10.65
19-009b,5.54,7.80,9.75
19-009c,5.54,7.80,9.75
19-009d,5.05,7.67,9.31
19-009e,5.05,7.67,9.31
19-009f,5.05,7.67,9.31
19-009g,5.19,8.18,9.70
19-009h,5.19,8.18,9.70
19-009j,5.54,9.23,10.31
19-010,5.88,8.71,10.65
19-011,5.88,8.71,10.65
19-012,7.56,9.37,12.09
19-013,4.75,6.09,7.82
19-016,5.17,5.96,8.47
19-018,5.32,6.19,8.76
19-019,2.69,3.92,4.64
19-020,2.32,5.93,5.71
19-021,2.67,5.01,6.51
19-022,2.44,4.48,5.87
19-023,2.70,4.86,6.80
19-024,2.82,3.62,4.82
19-025,2.87,3.62,5.14
19-026,3.26,4.20,5.92
19-027,2.87,3.62,5.14
19-028,2.28,3.07,4.24
19-029,2.45,3.56,4.78
19-030,2.30,3.08,4.21
19-031,2.30,3.08,4.21
19-032,2.30,3.08,4.21
19-033,2.14,2.91,3.99
19-034,2.14,2.91,3.99
19-035,2.74,4.28,5.07
19-036,2.16,2.95,4.00
19-037,1.89,2.29,3.31
19-038a,1.51,2.25,3.07
19-038b,1.50,2.25,2.82
19-038c,2.03,2.29,3.36
19-038d,1.89,2.29,3.31
19-038e,1.91,2.89,3.17
19-038f,2.27,3.39,3.69
19-039,2.18,2.71,3.79
19-040,2.18,2.71,3.79
19-041,1.97,2.12,3.53
19-042,2.05,3.22,4.37
19-043,1.97,2.12,3.53
19-044,1.13,2.40,2.31
19-045,2.14,3.33,3.86
19-046,0.97,1.95,2.48
19-047,1.44,2.46,3.26
19-048,2.18,3.87,4.90
19-049,4.31,5.26,7.66
19-050,4.02,4.90,7.23
19-051,3.69,4.60,6.28
19-052,4.07,5.75,7.42
19-053,3.88,4.86,6.86
19-054,1.62,1.63,2.20
19-055,3.76,5.09,7.13
19-056,3.46,4.83,6.13
19-057,2.41,3.20,3.83
19-058,3.80,5.39,7.05
19-059,3.30,4.76,5.74
19-060,2.35,2.84,2.98
19-061,2.82,4.28,5.16
19-062,2.67,3.62,4.58
19-063a,1.97,2.08,2.56
19-063b,1.62,1.62,2.19
19-064,2.39,3.16,3.88
19-065,1.76,2.08,2.24
19-066,1.76,2.08,2.24
19-067,1.59,2.25,2.17
19-068,1.61,2.26,2.13
19-069,2.11,2.61,3.02
19-070,1.77,2.42,2.60
19-071,1.30,2.58,2.21
19-072a,1.76,2.28,2.75
19-072b,1.29,2.57,2.41
19-072c,1.44,2.62,2.89
19-072d,1.27,2.27,2.23
19-072e,1.27,2.27,2.23
19-073,1.24,1.48,2.02
19-074a,1.74,1.98,2.59
19-074b,1.40,1.50,1.94
19-075,1.25,1.95,1.89
19-076,1.23,1.33,1.81
19-077,3.46,4.91,5.85
19-078,3.51,5.31,6.75
19-079,3.03,4.00,4.70
19-080,3.03,4.00,4.70
19-081,3.10,3.50,5.40
19-082,2.11,2.61,3.18
19-083,2.87,3.60,4.63
19-084,3.10,3.50,5.40
19-085,2.44,2.24,3.19
19-086,2.11,2.61,3.18
19-087,1.74,1.95,2.56
19-088,1.76,1.80,2.59
19-089,1.93,1.93,2.65
19-090,1.76,1.80,2.59
19-091,4.22,6.40,8.49
19-092,2.44,2.24,3.19
19-093,1.74,1.95,2.56
19-094,3.47,5.30,6.39
19-095,1.30,0.96,2.14
19-096,1.28,0.96,1.54
19-097,1.10,1.27,1.67
19-098,1.12,1.11,1.69
19-099,3.56,5.35,7.33
19-101,4.86,7.78,9.25
19-102,5.73,7.59,10.15
19-103a,3.26,6.41,7.42
19-103b,3.26,6.41,7.42
19-106,4.32,7.86,9.04
19-107,0.94,1.13,1.59
19-108,1.10,1.48,1.88
19-109a,1.09,1.30,1.79
19-109b,1.26,1.48,2.05
19-109c,1.26,1.48,2.05
19-110,3.66,7.25,8.38
19-111,1.14,0.66,1.53
19-112,1.14,0.66,1.53
19-113,0.95,1.12,1.70
19-114,0.95,1.12,1.70
19-115,0.84,1.44,1.93
19-116,1.30,0.66,1.84
19-117,1.94,1.28,2.54
19-118a,1.94,1.28,2.54
19-118b,1.94,1.28,2.54
19-118c,1.94,1.28,2.54
19-118d,1.94,1.28,2.54
19-118e,1.94,1.28,2.54
19-118f,1.94,1.28,2.54
19-119,1.94,1.28,2.54
19-120,1.94,1.28,2.54
19-121,2.26,1.75,2.91
19-122,0.98,0.80,1.69
19-123,0.98,0.80,1.69
19-124,1.88,1.28,2.06
19-125,1.59,1.26,2.02
19-126,1.40,0.80,1.67
19-127,1.42,1.51,2.03
19-128,1.35,1.91,2.24
19-129,1.84,2.08,3.13
19-130,1.48,1.57,2.37
19-131a,1.51,2.06,3.07
19-131b,1.51,2.06,3.07
19-131c,1.51,2.06,3.07
19-131d,1.51,2.06,3.07
19-131e,1.51,2.06,3.07
19-131f,1.51,2.06,3.07
19-131g,1.51,2.06,3.07
19-132,1.51,2.06,3.07
19-133,1.71,2.26,2.39
19-134,1.09,1.24,2.21
19-135,1.89,2.28,3.23
19-136a,1.91,2.76,3.41
19-136b,2.61,3.20,4.48
19-136c,2.08,2.82,3.63
19-137,2.65,3.24,4.60
19-138,1.68,2.58,3.52
19-139,2.91,3.07,4.82
19-140,3.64,5.32,7.16
19-141,2.20,1.88,3.25
19-142,2.99,2.38,4.81
19-143,3.05,3.04,5.50
19-144,2.20,1.88,3.25
19-145,2.18,1.58,2.42
19-146,1.70,1.37,2.39
19-147,1.85,1.53,3.07
19-148,2.82,2.38,4.55
19-149,2.48,1.74,4.02
19-150,2.48,1.74,4.02
19-151,2.89,3.08,5.41
19-152,2.95,3.93,6.57
19-153,2.82,2.38,4.55
19-154,2.89,3.08,5.41
19-155,1.26,1.40,2.91
19-156,1.42,1.75,3.69
19-157,0.77,0.77,1.67
19-158,1.09,0.93,1.76
19-159,3.01,2.87,5.73
19-160,3.08,3.69,6.60
19-161,1.09,0.93,1.76
19-162,1.21,0.77,1.53
19-163,1.21,0.77,1.53
19-164,1.26,1.40,2.91
19-165,2.04,2.25,4.36
19-166,3.01,2.87,5.73
19-167,3.08,3.69,6.60
19-168,0.48,0.78,1.53
19-169,0.48,0.78,1.53
19-170,0.76,0.65,1.70
19-171,0.92,0.82,2.23
19-172,1.23,1.29,2.97
19-173,1.23,1.29,2.97
19-174,1.25,1.77,3.70
19-175,1.74,2.16,4.50
19-176,2.24,2.54,5.17
19-177,0.92,0.82,2.23
19-178,2.24,2.54,5.17
19-179,1.23,1.29,2.97
19-180,0.76,0.65,1.70
19-181,0.34,0.80,1.98
19-182,0.62,1.13,2.39
19-183,0.33,0.96,2.02
19-184,0.33,0.96,2.02
19-185,0.33,0.96,2.02
19-186,0.62,1.13,2.39
19-187,0.34,0.80,1.98
19-188,0.77,1.60,2.94
19-189,0.33,0.96,2.02
19-190,0.33,1.46,2.46
19-191,0.33,1.46,2.46
19-192,0.35,1.27,2.38
19-193,0.33,1.46,2.46
19-194,0.33,1.65,3.13
19-195,0.64,1.97,3.63
19-196,0.97,1.61,2.83
19-197,0.97,1.61,2.83
19-198,0.34,1.65,3.12
19-199,0.34,1.47,2.79
19-200,0.34,1.85,4.17
19-201,0.34,1.84,3.84
19-202,0.34,1.84,3.84
19-203,0.34,1.81,3.65
19-204,0.99,2.01,4.30
19-205a,0.67,2.01,4.68
19-205b,0.34,1.85,4.37
19-205c,0.50,1.98,4.23
19-206,2.88,2.93,6.30
19-207,2.15,2.61,5.84
19-208,2.99,3.61,6.47
19-209,3.14,5.55,7.10
19-210,1.92,2.35,4.49
19-211,1.92,2.35,4.49
19-212,2.38,3.22,6.00
19-213,1.86,2.70,4.94
19-214,2.10,2.83,5.01
19-215a,2.46,3.74,5.45
19-215b,2.46,3.74,5.45
19-215c,2.46,3.74,5.45
19-215d,3.27,4.41,6.39
19-216,2.10,2.83,5.01
19-217,2.46,3.74,5.45
19-218,1.61,1.81,3.35
19-219,1.61,1.81,3.35
19-220,1.77,2.00,4.18
19-221,2.13,2.48,4.48
19-222,2.13,2.48,4.48
19-223,1.61,1.81,3.35
19-224,2.13,2.48,4.48
19-225,1.61,1.55,3.32
19-226,1.33,1.07,2.81
19-227,1.61,1.55,3.32
19-228,1.33,1.07,2.81
19-229,2.13,2.48,4.48
19-230,4.62,7.76,9.77
19-231,4.24,6.60,8.73
19-232,3.77,4.96,7.36
19-233,3.77,4.96,7.36
19-234,4.35,7.86,9.93
19-235,3.27,4.41,6.39
19-236,3.14,4.58,5.70
19-237,2.70,3.04,4.38
19-238,3.05,4.25,5.70
19-239,4.29,6.18,8.41
19-240,2.61,2.88,4.18
19-241,4.56,7.24,9.49
19-242,3.98,5.90,7.90
19-243,0.34,0.80,1.98
19-244,4.20,5.74,7.82
19-245,0.33,0.96,2.02
19-246,0.34,1.28,2.40
19-247,3.28,4.33,6.24
19-248,0.66,1.98,4.09
19-249,2.99,2.38,4.81
19-250,3.64,5.32,7.16
19-251,3.64,5.32,7.16
19-252,1.26,1.40,2.91
19-253,1.23,1.29,2.97
19-254,0.77,1.60,2.94
19-255,0.77,1.60,2.94
19-256,0.77,1.60,2.94
19-257,1.23,1.29,2.97
19-258,1.23,1.29,2.97
19-259,3.27,3.46,6.53
19-260,0.34,1.86,4.49
19-261,0.34,1.85,4.17
19-262,2.95,3.93,6.57
19-263,2.95,3.93,6.57
19-264,3.01,2.87,5.73
19-265,3.01,2.87,5.73
19-266,3.01,2.87,5.73
19-267,2.24,2.54,5.17
19-268,2.88,2.93,6.30
19-269,3.13,3.80,6.78
19-270,1.71,2.19,4.54
19-271,1.61,1.81,3.35
19-272,1.71,2.19,4.54
19-273,2.10,2.83,5.01
19-274,1.55,1.67,3.79
19-275,2.20,3.29,4.96
19-276,1.34,2.24,2.51
19-277,1.34,2.24,2.51
19-278,2.03,2.29,3.36
19-279,3.41,4.51,5.75
19-280,1.00,2.23,2.22
19-281,1.44,1.91,1.95
19-282,1.76,2.08,2.24
19-283,4.02,4.90,7.23
19-284,3.19,4.37,4.32
19-285,1.77,2.42,2.60
19-286,2.38,2.92,3.24
19-287,1.76,2.28,2.75
19-288,2.39,3.16,3.88
19-289,2.11,2.61,3.18
19-290,0.95,1.12,1.70
19-291,4.59,6.30,8.14
19-292,4.80,6.96,9.12
19-293,3.10,4.51,5.32
19-294,2.61,3.51,4.11
19-295,4.13,5.90,8.21
19-296,1.30,1.71,2.10
19-297,1.14,0.66,1.53
19-298,1.14,0.66,1.53
19-299,3.59,4.94,7.00
19-300,3.10,3.50,5.40
19-301,3.59,4.94,7.00
19-302,1.14,0.66,1.53
19-303,0.98,0.80,1.69
19-304,1.14,0.66,1.53
19-305,1.31,1.24,2.14
19-306,4.88,6.74,9.18
19-307,2.92,3.08,5.01
19-308,2.46,1.62,2.85
19-309,3.82,4.68,6.24
19-310,4.73,6.88,8.91
19-311,4.14,5.66,7.77
19-312,2.12,5.11,5.41
19-802,5.05,6.92,8.73
20-001,4.72,8.62,10.51
20-002,4.72,8.62,10.51
20-003a,4.80,8.79,9.65
20-003b,4.56,7.70,8.66
20-003c,4.56,7.70,8.66
20-003d,4.74,8.40,9.16
20-003e,4.74,8.40,9.16
20-003f,4.74,8.40,9.16
20-003g,4.74,8.40,9.16
20-003h,4.74,8.40,9.16
20-004,4.72,8.62,10.51
20-005,5.00,8.74,11.22
20-006,5.08,8.96,10.55
20-007,4.97,9.00,11.15
20-008,4.97,9.00,11.15
20-009,5.00,8.74,11.22
20-010b,4.91,8.72,9.86
20-011,4.84,9.59,11.82
20-012,3.96,7.74,8.48
20-013,3.96,7.74,8.48
20-014,3.30,6.31,7.66
20-015a,4.43,8.45,9.60
20-015b,4.43,8.45,9.60
20-017,3.30,6.31,7.66
20-018,3.35,6.62,7.57
20-019,3.30,6.31,7.66
20-020,3.89,8.31,9.32
20-021,4.08,8.41,9.59
20-022,3.70,8.32,9.00
20-023,3.70,8.32,9.00
20-024,3.52,8.10,8.72
20-025b,4.08,8.41,9.59
20-026,3.89,8.31,9.32
20-027,3.89,8.31,9.32
20-028a,3.23,6.22,7.31
20-028b,2.83,6.17,7.17
20-028c,2.83,6.17,7.17
20-028d,2.83,6.17,7.17
20-028e,3.22,6.33,7.71
20-028f,3.32,6.51,7.58
20-028g,3.32,6.51,7.58
20-028h,3.35,6.62,7.57
20-028i,3.35,6.62,7.57
20-028j,3.32,6.51,7.58
20-028l,3.27,6.47,7.58
20-029,4.08,8.41,9.59
20-030,3.89,8.31,9.32
20-031,3.00,7.91,8.86
20-032,2.86,6.90,8.59
20-033,2.64,6.78,8.13
20-034,2.64,6.78,8.13
20-035a,2.31,6.21,8.35
20-035b,2.31,6.21,8.35
20-035c,2.31,6.21,8.35
20-035d,2.31,6.21,8.35
20-036,2.50,6.34,7.46
20-038,2.84,7.10,9.02
20-039,2.14,5.91,7.55
20-040,2.14,5.91,7.55
20-041,2.11,6.13,7.76
20-041a,3.17,6.60,7.47
20-041b,2.51,6.10,7.36
20-041c,2.51,6.10,7.36
20-041d,2.97,6.33,7.20
20-041e,2.91,6.69,7.69
20-041f,2.72,6.36,7.71
20-041g,2.72,6.36,7.71
20-041h,2.11,6.13,7.76
20-041j,2.11,6.13,7.76
20-041k,2.14,5.91,7.55
20-041l,2.14,5.91,7.55
20-041m,2.14,5.91,7.55
20-041n,2.14,5.91,7.55
20-041p,2.50,6.34,7.46
20-041q,2.51,6.10,7.36
20-041r,3.17,6.60,7.47
20-041t,3.17,6.60,7.47
20-041u,2.11,6.13,7.76
20-041v,2.11,6.13,7.76
20-041w,2.11,6.13,7.76
20-041x,2.72,6.36,7.71
20-041y,2.72,6.36,7.71
20-041z,2.72,6.36,7.71
20-042a,2.31,6.21,8.35
20-042b,2.31,6.21,8.35
20-042c,2.31,6.21,8.35
20-042d,2.31,6.21,8.35
20-043,2.14,6.03,7.71
20-044,2.31,6.21,8.35
20-045,2.86,6.90,8.59
20-046,2.48,6.53,8.56
20-047,2.31,6.21,8.35
20-048,2.31,6.21,8.35
20-049a,2.48,6.53,8.56
20-049b,2.48,6.53,8.56
20-050,2.10,5.81,8.34
20-051,2.10,5.81,8.34
20-052,2.16,5.91,8.59
20-053,2.09,6.07,7.86
20-054,2.10,6.00,7.98
20-055,2.07,5.82,7.92
20-056,2.07,5.82,7.92
20-057a,2.11,6.13,7.76
20-057b,2.07,5.82,7.92
20-057c,2.09,6.07,7.86
20-057d,2.05,5.74,8.01
20-057e,2.05,5.74,8.01
20-058a,2.09,6.07,7.86
20-058b,2.09,6.07,7.86
20-059,2.07,5.82,7.92
20-060a,2.10,5.81,8.34
20-060b,2.10,5.81,8.34
20-060c,2.09,5.81,8.46
20-060d,2.07,5.99,8.26
20-060e,2.07,5.99,8.26
20-060f,2.07,5.99,8.26
20-060g,2.07,5.99,8.26
20-060h,2.10,6.00,7.98
20-061,2.07,5.99,8.26
20-062b,2.09,5.81,8.46
20-063,1.62,5.84,8.43
20-065a,3.06,7.67,9.27
20-065b,1.62,5.84,8.43
20-065c,1.62,5.84,8.43
20-066,1.78,6.18,8.54
20-067a,3.22,6.71,7.66
20-067b,3.22,6.71,7.66
20-067c,3.22,6.71,7.66
20-068a,3.22,6.71,7.66
20-068b,3.22,6.71,7.66
20-069,3.47,7.88,8.38
20-070,2.97,6.33,7.20
20-071,3.09,7.04,7.77
20-072,3.12,7.69,8.02
20-073,3.09,7.04,7.77
20-074,3.12,7.69,8.02
20-075a,3.12,7.69,8.02
20-075b,3.06,7.90,7.65
20-076,2.77,6.33,7.56
20-077,2.96,6.56,7.60
20-078a,2.96,6.56,7.60
20-078b,2.96,6.56,7.60
20-078c,2.96,6.56,7.60
20-078d,2.91,6.69,7.69
20-078e,2.96,6.56,7.60
20-078f,3.03,7.11,7.42
20-078g,3.03,7.11,7.42
20-078h,2.91,6.69,7.69
20-079,3.03,7.11,7.42
20-080,3.51,7.66,8.37
20-081,2.91,6.69,7.69
20-082,2.91,6.69,7.69
20-083,2.69,6.05,8.01
20-085,2.69,6.05,8.01
20-086,2.52,6.32,8.04
20-087,2.52,6.32,8.04
20-088,3.51,7.66,8.37
20-089,3.29,7.18,8.24
20-090a,2.52,6.32,8.04
20-090b,2.52,6.32,8.04
20-090c,2.41,6.15,8.07
20-090d,2.52,6.32,8.04
20-090e,2.70,6.36,8.11
20-091,2.77,7.21,8.12
20-092,2.52,6.32,8.04
20-093,2.46,6.98,8.22
20-095,2.38,5.98,8.16
20-096,2.46,6.98,8.22
20-098,2.41,6.15,8.07
20-099,2.52,6.32,8.04
20-100,2.46,6.98,8.22
20-101,2.41,6.15,8.07
20-102a,2.70,6.36,8.11
20-102b,2.41,6.15,8.07
20-102c,2.41,6.15,8.07
20-102d,2.41,6.15,8.07
20-102e,2.42,5.98,8.36
20-102f,2.41,6.15,8.07
20-102g,2.41,6.15,8.07
20-102h,2.41,6.15,8.07
20-102i,2.42,5.98,8.36
20-102j,2.41,6.15,8.07
20-102k,2.70,6.36,8.11
20-102l,2.70,6.36,8.11
20-103,0.34,2.01,4.39
20-104,0.85,2.18,4.91
20-105,0.64,2.18,4.77
20-106a,0.34,2.48,3.59
20-106b,0.34,2.48,3.59
20-106c,0.34,2.48,3.59
20-106d,0.33,2.49,3.61
20-107,0.34,2.34,3.60
20-108,0.34,2.06,3.76
20-109,0.34,2.34,3.60
20-110,0.49,2.19,4.08
20-111,0.34,2.06,3.76
20-112,0.49,2.19,4.08
20-113,1.53,1.54,1.96
20-114,1.16,1.08,1.76
20-115,1.11,1.36,1.82
20-116,0.33,2.21,3.97
20-117,0.33,2.06,3.96
20-118,1.74,2.22,2.46
20-119,1.74,2.22,2.46
20-120,0.46,1.74,3.06
20-121,1.52,2.16,1.77
20-122,1.82,3.01,2.89
20-123,1.82,3.01,2.89
20-124,1.82,3.01,2.89
20-125,1.51,2.07,1.64
20-126,1.39,1.63,1.66
20-127,1.10,1.44,1.30
20-1271,1.72,4.17,7.75
20-128,0.48,2.21,4.60
20-129,0.49,2.52,4.75
20-130,1.39,1.63,1.66
20-131,1.51,2.07,1.64
20-132,1.53,2.43,1.97
20-134,0.51,2.83,5.98
20-135,0.66,2.86,6.37
20-136,0.68,2.86,6.62
20-137,0.68,2.86,6.62
20-138,0.79,3.19,6.30
20-139,0.99,3.20,7.40
20-140,1.29,3.72,7.56
20-141,0.80,3.60,6.54
20-142,0.80,3.60,6.54
20-143,0.80,3.60,6.54
20-144,1.13,3.76,7.39
20-145,0.96,3.77,7.16
20-146,0.80,3.77,6.46
20-147,2.23,4.33,4.61
20-148,1.87,3.52,3.58
20-149,1.87,3.52,3.58
20-150,2.19,4.03,4.01
20-151,2.19,4.03,4.01
20-152,2.21,4.22,5.02
20-153,1.87,3.52,3.58
20-154,1.74,2.85,2.18
20-155,1.85,3.69,2.80
20-156,2.01,3.89,3.48
20-157,2.15,4.95,4.31
20-158,1.73,3.04,2.17
20-159,1.97,5.46,4.59
20-160,1.96,4.52,3.59
20-161,1.73,3.04,2.17
20-162,1.81,3.60,2.90
20-163,1.56,3.27,2.17
20-164,1.75,3.61,2.38
20-165,1.94,5.49,3.60
20-166,1.53,3.07,2.14
20-167,1.48,3.22,2.46
20-168,1.91,4.54,3.19
20-170,1.94,5.49,3.60
20-171,2.10,6.29,5.06
20-172,1.52,3.14,2.31
20-173,1.89,4.76,3.48
20-174,1.55,3.77,2.33
20-175,1.89,4.76,3.48
20-176,1.89,4.76,3.48
20-177,2.07,5.43,3.77
20-178,1.72,4.78,2.99
20-179,1.50,3.62,2.30
20-180,2.24,6.17,5.21
20-181,2.07,5.43,3.77
20-182,1.48,3.15,2.31
20-183,1.69,4.30,2.65
20-184,1.72,4.78,2.99
20-185a,1.16,3.28,2.47
20-185b,1.16,3.28,2.47
20-185c,1.36,3.98,2.32
20-186,1.68,4.48,2.51
20-187,1.69,4.77,2.39
20-188,2.05,5.11,3.88
20-189,1.36,3.98,2.32
20-190,2.38,5.90,4.94
20-191,2.38,5.90,4.94
20-192,1.16,3.28,2.47
20-193,1.33,3.64,2.17
20-194a,1.19,3.99,2.33
20-194b,1.35,4.45,2.48
20-194c,1.37,4.32,2.35
20-195,2.20,4.81,3.87
20-196,2.20,4.81,3.87
20-197,1.35,4.45,2.48
20-198,2.00,4.33,3.31
20-199,1.07,3.69,2.33
20-200,1.15,4.08,3.52
20-201,1.19,3.85,2.49
20-202,1.07,3.69,2.33
20-203,1.22,5.35,9.61
20-204a,1.22,5.35,9.61
20-204b,1.22,5.35,9.61
20-205,2.08,5.98,8.71
20-206,2.08,5.98,8.71
20-207,2.08,5.98,8.71
20-208,1.50,5.41,9.47
20-209,1.50,5.41,9.47
20-210,1.68,5.54,9.81
20-211,1.48,5.02,11.66
20-212,1.48,5.02,11.66
20-213,1.33,4.81,11.26
20-214,1.33,4.81,11.26
20-215,1.80,5.01,11.70
20-216,2.24,5.01,11.53
20-217,2.74,5.50,11.66
20-218,2.74,5.50,11.66
20-219a,3.15,5.63,11.37
20-219b,2.72,5.41,11.52
20-220,3.15,5.63,11.37
20-221,3.70,6.11,11.71
20-222,3.12,5.85,11.77
20-223,3.70,6.11,11.71
20-224,3.64,6.00,11.47
20-225,3.70,6.11,11.71
20-226,3.64,6.00,11.47
20-227,3.89,6.88,11.81
20-228,3.64,6.00,11.47
20-229,4.00,6.98,11.68
20-230,4.00,6.98,11.68
20-231,2.42,5.98,8.36
20-232,2.42,5.98,8.36
20-233,2.42,5.98,8.36
20-234a,2.29,6.31,8.44
20-234b,2.29,6.31,8.44
20-234c,2.44,6.38,8.41
20-234d,2.44,6.38,8.41
20-234e,2.29,6.31,8.44
20-234f,2.29,6.31,8.44
20-234g,2.29,6.31,8.44
20-234h,2.29,6.31,8.44
20-235,2.29,6.31,8.44
20-236,2.27,6.02,8.45
20-237a,2.57,6.14,8.61
20-237b,2.45,6.26,8.69
20-237c,2.45,6.26,8.69
20-237d,2.57,6.14,8.61
20-237e,2.45,6.26,8.69
20-237f,2.57,6.14,8.61
20-237g,2.45,6.26,8.69
20-238,2.44,6.38,8.41
20-239,2.46,6.23,8.92
20-241,2.29,6.25,8.60
20-242,2.29,6.19,8.47
20-243,2.29,6.25,8.60
20-244,2.29,6.19,8.47
20-245,2.29,6.25,8.60
20-246,2.29,6.25,8.60
20-247,2.46,6.23,8.92
20-248,2.57,6.14,8.61
20-249,2.31,6.38,8.57
20-250,2.46,6.23,8.92
20-251,2.46,6.23,8.92
20-252,2.45,6.26,8.69
20-253a,2.57,6.14,8.61
20-253b,2.57,6.14,8.61
20-253c,2.57,6.14,8.61
20-253d,2.57,6.14,8.61
20-254,2.59,6.24,8.60
20-255,2.59,6.24,8.60
20-257a,2.61,6.11,9.02
20-257b,2.61,6.11,9.02
20-258,2.74,6.02,8.82
20-259,2.45,6.26,8.69
20-260,2.61,6.11,9.02
20-261,2.58,6.05,8.73
20-262a,2.47,6.47,8.24
20-262b,2.47,6.47,8.24
20-263,2.29,6.34,8.17
20-264,2.73,5.69,9.12
20-266,2.57,6.20,8.74
20-267,2.57,6.20,8.74
20-268,2.57,6.20,8.74
20-269,2.28,6.20,8.35
20-270a,2.41,5.72,9.00
20-270b,2.41,5.72,9.00
20-272,2.41,5.72,9.00
20-273,2.59,5.74,9.88
20-274,3.82,6.81,11.40
20-275,3.82,7.03,11.60
20-276,1.69,5.36,8.75
20-277a,1.69,5.36,8.75
20-277b,1.70,6.11,8.48
20-277c,1.70,6.11,8.48
20-279a,1.70,6.11,8.48
20-279b,1.70,6.11,8.48
20-279c,1.70,6.11,8.48
20-280,1.69,5.97,8.22
20-282,1.69,5.36,8.75
20-283,1.70,6.11,8.48
20-284,1.69,5.97,8.22
20-285,3.11,6.40,10.97
20-286,2.76,4.69,9.74
20-287,2.04,3.57,9.42
20-288,2.24,3.68,9.61
20-289,2.50,6.32,8.12
20-290a,2.15,6.17,7.72
20-290b,2.16,6.23,7.82
20-291,2.13,5.79,7.71
20-292,1.83,5.11,7.50
20-293,1.83,5.11,7.50
20-294,1.85,3.89,8.96
20-295,1.52,4.07,8.81
20-296,0.83,3.91,7.30
20-297,0.81,3.75,5.61
20-298,0.65,3.51,6.07
20-299a,0.65,3.34,5.84
20-299b,0.65,3.51,6.07
20-299c,0.95,3.19,5.67
20-299d,0.80,3.19,6.18
20-299e,0.80,3.19,6.18
20-299f,0.65,3.33,6.30
20-299g,0.65,3.33,6.30
20-299h,0.80,3.19,6.18
20-299j,0.80,3.19,6.18
20-300,0.95,3.19,5.67
20-301a,1.12,3.81,7.69
20-301b,0.95,3.78,7.20
20-302,1.32,3.65,8.05
20-303,0.65,3.33,6.30
20-304,0.80,3.50,7.05
20-305,0.80,3.49,7.52
20-306,0.81,3.53,7.99
20-307,0.79,3.79,8.11
20-308,0.80,3.79,8.61
20-309,1.95,4.01,8.11
20-310,1.80,4.00,7.80
20-311,1.18,3.85,3.29
20-312,1.25,3.67,2.65
20-313,0.92,3.69,2.80
20-314,1.17,3.83,2.80
20-315a,1.00,3.44,4.29
20-315b,1.01,3.89,3.70
20-315c,1.00,3.44,4.29
20-316,1.17,3.83,2.80
20-317,1.16,3.63,3.66
20-318,1.17,3.63,3.31
20-319,0.91,3.61,2.99
20-320,0.91,3.61,2.99
20-321,2.08,3.79,2.98
20-322,1.16,3.63,3.66
20-323,1.38,3.63,2.98
20-324,1.17,3.63,3.31
20-325,1.15,3.42,4.20
20-326,0.90,3.42,3.52
20-327,1.23,3.43,3.32
20-328a,1.43,3.13,3.10
20-328b,1.43,3.13,3.10
20-328c,1.43,3.13,3.10
20-328d,1.43,3.13,3.10
20-328e,1.43,3.13,3.10
20-328f,1.43,3.13,3.10
20-329,1.94,3.44,2.81
20-330,1.94,3.44,2.81
20-331,1.94,3.44,2.81
20-332,0.99,3.07,5.10
20-333,1.15,3.42,4.20
20-334,1.15,3.39,3.69
20-335,0.92,2.94,3.51
20-336,1.14,3.20,4.41
20-337,0.88,3.22,4.05
20-338,1.64,3.27,3.27
20-339a,0.90,3.07,4.05
20-339b,1.39,3.09,3.82
20-340,1.12,3.02,4.73
20-341,0.86,2.88,4.14
20-342,1.42,3.08,3.80
20-343,1.06,3.07,4.33
20-344,0.87,2.76,4.27
20-345,0.83,2.89,5.02
20-346,0.69,2.78,5.00
20-347,0.88,2.46,4.37
20-348,0.88,2.46,4.37
20-349,0.82,3.93,8.30
20-350,1.29,2.77,3.92
20-351a,0.84,4.24,8.94
20-351b,0.84,4.38,8.97
20-351c,0.85,4.49,8.96
20-352,0.81,3.95,7.88
20-353,0.49,2.92,5.66
20-354,0.51,2.90,5.17
20-355,2.46,5.71,4.06
20-356,2.82,6.62,5.12
20-357,2.04,3.79,3.44
20-358,2.04,3.79,3.44
20-359,2.03,3.60,3.01
20-360,2.03,3.60,3.01
20-361,1.64,3.27,3.27
20-362,2.03,3.60,3.01
20-363,2.12,4.55,3.52
20-364,2.12,4.55,3.52
20-365,2.12,4.55,3.52
20-366,2.29,4.71,3.56
20-367,2.34,5.72,3.99
20-368,2.34,5.72,3.99
20-369a,1.84,3.41,3.30
20-369b,1.47,3.26,3.76
20-369c,1.84,3.41,3.30
20-369d,1.84,3.41,3.30
20-370a,1.64,3.05,3.28
20-370b,1.43,2.73,3.57
20-370c,1.43,2.73,3.57
20-370d,1.43,2.73,3.57
20-371,1.64,3.05,3.28
20-372,2.13,4.51,3.54
20-373,2.13,4.51,3.54
20-374,2.13,4.51,3.54
20-375,1.29,2.77,3.92
20-376,1.82,3.01,2.92
20-377,2.10,4.27,3.57
20-378a,2.01,3.16,2.86
20-378b,1.79,2.99,3.08
20-379,1.74,2.70,3.19
20-380,0.88,2.46,4.66
20-381,3.05,4.99,4.49
20-382,2.66,4.26,4.15
20-383,1.79,2.99,3.08
20-384,2.01,3.16,2.86
20-385,1.86,3.44,3.64
20-386,1.51,2.82,3.25
20-387,1.69,2.65,3.06
20-388a,1.80,3.26,3.78
20-388b,1.54,2.47,2.95
20-388c,1.76,2.64,3.02
20-389,1.94,3.30,3.83
20-390,1.76,2.64,3.02
20-391,2.28,4.24,4.53
20-392,1.74,5.30,8.50
20-393,1.10,4.81,8.69
20-394,1.26,5.23,8.29
20-395,0.80,4.77,8.60
20-396,0.80,4.77,8.60
20-397,0.94,5.46,9.80
20-398,0.99,5.24,7.92
20-399,0.99,5.24,7.92
20-400,0.82,4.61,7.29
20-401,1.82,2.81,3.36
20-402,0.49,2.80,4.88
20-403,3.06,7.67,9.27
20-404,2.52,6.32,8.04
20-407,2.44,6.38,8.41
20-409,2.09,6.07,7.86
20-410,3.41,6.44,6.38
20-411,2.45,4.61,4.77
20-412,3.39,6.76,7.14
20-413,2.91,4.99,5.62
20-414,2.91,4.99,5.62
20-415,3.31,6.64,7.63
20-416,3.06,6.36,8.03
20-417,3.26,6.71,8.30
20-418,3.26,6.71,8.30
20-419,2.91,6.76,8.46
20-420,2.76,7.10,8.49
20-421,2.76,7.10,8.49
20-422,2.56,7.45,8.77
20-423,2.46,6.80,8.76
20-424,1.98,6.83,8.41
20-425,2.11,6.34,8.76
20-426,2.11,6.34,8.76
20-427,1.98,6.83,8.41
20-428,1.75,5.28,8.57
20-429,1.75,5.28,8.57
20-430,1.74,5.30,8.50
20-431,1.72,4.98,8.80
20-432,1.72,4.98,8.80
20-433,1.55,4.83,8.71
20-434,1.55,4.83,8.71
20-435,0.99,5.24,7.92
20-436,1.26,5.23,8.29
20-437,1.26,5.23,8.29
20-438,1.10,4.77,8.45
20-439,1.10,4.77,8.45
20-440,0.82,4.76,7.59
20-441,0.82,4.76,7.59
20-442,1.10,4.77,8.45
20-443,1.10,4.81,8.69
20-444,1.10,4.81,8.69
20-445,0.96,4.72,8.84
20-446,0.96,4.72,8.84
20-447,0.96,4.72,8.84
20-448,0.96,4.72,8.84
20-449,0.96,4.72,8.84
20-450,0.81,4.75,9.21
20-451,0.80,5.09,8.87
20-452,1.73,3.04,2.17
20-453,1.16,3.28,2.47
20-454,1.48,3.15,2.31
20-455,1.48,3.15,2.31
20-456,1.15,3.84,2.64
20-457,1.56,3.27,2.17
20-458,1.15,3.84,2.64
20-459,1.16,3.28,2.47
20-460,1.01,3.76,4.08
20-461,1.55,3.77,2.33
20-462,1.50,3.62,2.30
20-463,1.18,3.94,2.63
20-464,1.33,3.64,2.17
20-465,1.33,3.64,2.17
20-466,1.55,3.77,2.33
20-467,1.33,3.64,2.17
20-468,1.75,3.61,2.38
20-469,1.18,4.00,2.83
20-470,1.18,4.00,2.83
20-471,1.18,4.00,2.83
20-472,1.91,4.54,3.19
20-473,1.18,4.00,2.83
20-474,1.18,4.00,2.83
20-475,1.97,5.46,4.59
20-476,1.19,3.85,2.49
20-477,1.18,3.85,3.29
20-478,1.19,3.85,2.49
20-479,1.15,3.42,4.20
20-480,1.94,5.49,3.60
20-481,1.94,5.49,3.60
20-482,1.19,3.85,2.49
20-483,1.35,4.45,2.48
20-484,1.94,5.49,3.60
20-485,1.35,4.45,2.48
20-486,1.68,4.48,2.51
20-487,1.35,4.45,2.48
20-488,1.37,4.32,2.35
20-489,1.37,4.32,2.35
20-490,1.37,4.32,2.35
20-491,2.56,5.56,5.98
20-492,1.37,4.32,2.35
20-493,2.10,6.29,5.06
20-494,1.12,3.02,4.73
20-495,1.20,3.87,2.49
20-496,1.12,3.02,4.73
20-497,1.17,3.63,3.31
20-498,1.37,4.32,2.35
20-499,2.10,6.29,5.06
20-500,1.17,3.63,3.31
20-501,2.05,5.11,3.88
20-502,0.91,3.61,2.99
20-503,2.41,6.06,6.03
20-504,2.40,6.36,5.88
20-505,1.38,3.63,2.98
20-506,1.38,3.63,2.98
20-507,2.38,5.90,4.94
20-508,1.23,3.43,3.32
20-509,1.23,3.43,3.32
20-510,1.23,3.43,3.32
20-511,2.10,4.31,3.33
20-512,1.38,3.63,2.98
20-513,1.23,3.43,3.32
20-514,0.92,2.94,3.51
20-515,1.42,3.12,3.45
20-516,1.43,3.13,3.10
20-517,1.42,3.12,3.45
20-518,1.43,3.13,3.10
20-519,1.43,3.13,3.10
20-520,0.74,2.79,4.74
20-521,2.39,6.50,4.80
20-522,2.20,4.81,3.87
20-523,2.43,6.89,5.13
20-524,2.26,6.22,4.19
20-527,1.42,3.08,3.80
20-531,2.26,6.22,4.19
20-540,1.29,2.77,3.92
20-543,2.30,6.25,4.48
20-545,2.32,4.58,3.50
20-546,2.30,6.25,4.48
20-548,3.23,7.28,5.43
20-553,1.64,3.05,3.28
20-555,1.86,3.22,3.11
20-556,2.29,4.71,3.56
20-557,3.19,6.82,5.22
20-558,0.83,4.40,8.53
20-559,0.79,4.06,7.51
20-560,2.10,4.27,3.57
20-561,1.79,2.99,3.08
20-562,1.83,3.13,3.15
20-563,1.83,3.13,3.15
20-564,2.56,4.58,4.03
20-565,2.56,4.58,4.03
20-566,1.80,3.26,3.78
20-567,1.80,3.26,3.78
20-568,1.80,3.26,3.78
20-569,1.80,3.26,3.78
20-570,3.00,4.94,4.89
20-571,3.59,5.99,6.05
20-572,3.59,5.99,6.05
20-573,2.98,5.14,5.19
20-574,2.98,5.14,5.19
20-575,3.61,6.62,6.45
20-576,2.98,5.14,5.19
20-577,3.54,6.15,6.17
20-578,3.54,6.15,6.17
20-579,1.76,2.64,3.02
20-580,0.65,3.49,7.10
20-581,0.80,3.50,7.05
20-582,0.34,2.46,4.03
20-583,0.65,2.52,5.27
20-585,0.33,2.49,3.61
20-586,0.48,2.05,3.93
20-587,0.33,2.49,3.61
20-588,0.52,2.82,6.15
20-589,1.10,1.44,1.30
20-590,1.52,2.16,1.77
20-591,1.31,1.76,1.45
20-592,1.59,1.72,2.19
20-593,1.52,2.16,1.77
20-594,1.52,2.16,1.77
20-595,1.52,2.16,1.77
20-596,1.31,1.76,1.45
20-597,1.52,2.16,1.77
20-598,1.51,2.07,1.64
20-599,1.82,2.81,3.36
20-600,1.51,2.07,1.64
20-601,1.51,2.07,1.64
20-602,1.51,2.07,1.64
20-603,1.82,2.81,3.36
20-604,1.74,2.22,2.46
20-605,1.46,2.56,1.84
20-607,2.19,4.03,4.01
20-608,2.19,4.03,4.01
20-609,2.01,3.89,3.48
20-610,2.85,5.03,6.44
20-611,2.01,3.89,3.48
20-612,2.21,4.22,5.02
20-613,2.01,3.89,3.48
20-614,2.01,3.89,3.48
20-615,2.21,4.22,5.02
20-616,2.21,4.22,5.02
20-617,2.15,4.95,4.31
20-618,1.96,4.52,3.59
20-619,2.15,4.95,4.31
20-620,4.43,8.45,9.60
20-621,4.11,8.22,9.30
20-622,4.11,8.22,9.30
20-624,3.26,7.83,9.23
20-626,3.64,8.34,9.22
20-628,2.48,6.53,8.56
20-629,2.48,6.53,8.56
20-630,2.48,6.53,8.56
20-631,2.10,5.81,8.34
20-636,1.78,6.18,8.54
20-637,2.08,5.98,8.71
20-638,2.08,5.98,8.71
20-642,2.09,6.07,7.86
20-800,0.86,2.88,7.11
20-803,2.96,6.56,7.60
20-826,2.07,5.82,7.92
20-827,2.07,5.82,7.92
20-830,1.47,5.49,8.63
20-854,0.34,2.48,3.59
21-002,2.03,5.04,9.93
21-004,2.82,5.57,10.93
21-005a,2.64,4.78,10.69
21-005b,2.64,4.78,10.69
21-005c,2.64,4.78,10.69
21-005d,2.66,4.93,10.61
21-005e,2.20,4.60,10.31
21-005f,2.66,4.93,10.61
21-005g,2.20,4.60,10.31
21-006,2.98,5.11,11.00
21-007,2.85,5.38,11.01
21-009,2.66,4.93,10.61
21-012,2.56,5.42,10.50
21-013,2.56,5.42,10.50
21-014,2.52,5.41,10.48
21-015,2.53,5.62,10.51
21-016,2.53,5.41,10.34
21-018,2.52,5.48,10.15
21-019,2.52,5.48,10.15
21-020,1.64,5.72,10.00
21-021,1.66,5.97,10.26
21-022,1.66,5.97,10.26
21-023,2.48,5.85,10.20
21-024,2.48,5.85,10.20
21-025,1.99,4.87,7.52
21-026,2.04,6.19,8.31
21-027,2.18,5.16,7.72
21-029,1.68,5.86,9.14
21-031,1.81,5.85,9.22
21-032,1.81,5.85,9.22
21-033,1.48,5.46,9.49
21-034,2.20,6.27,9.29
21-035,2.20,6.27,9.29
21-036a,1.43,5.12,9.95
21-036b,1.42,4.63,9.82
21-036c,1.56,4.80,10.04
21-037,2.14,5.63,9.45
21-039,1.76,4.74,9.72
21-040,2.14,5.63,9.45
21-041,1.58,4.55,9.88
21-043,1.95,5.45,9.92
21-044,2.16,6.20,9.95
21-045,2.16,6.20,9.95
21-046,1.28,4.62,9.93
21-047,2.65,6.92,9.93
21-048,2.65,6.92,9.93
21-049,2.65,6.92,9.93
21-050,2.16,6.20,9.95
21-051,2.65,6.92,9.93
21-052,2.65,6.92,9.93
21-053,1.82,4.03,7.75
21-054,1.47,4.86,8.68
21-055,1.97,5.18,8.49
21-056a,0.99,4.47,8.95
21-056b,1.00,4.46,8.99
21-056c,1.01,4.30,9.00
21-056d,0.99,4.32,9.02
21-057,1.00,4.00,8.89
21-058,2.11,6.30,8.49
21-059,2.31,6.66,8.43
21-060,0.84,4.38,8.85
21-061,0.82,4.51,8.41
21-062,0.47,3.23,6.52
21-063,0.33,3.04,6.14
21-064,0.77,3.83,7.34
21-065,0.62,3.53,6.99
21-066,0.77,3.83,7.34
21-067,0.46,3.06,6.63
21-068,0.62,3.36,7.04
21-069,0.32,2.63,6.49
21-070,0.78,3.82,7.54
21-071,0.78,3.82,7.54
21-072,0.81,4.16,8.27
21-073,0.47,3.22,6.75
21-074,0.76,3.22,7.08
21-075,0.47,3.50,6.72
21-076,0.47,3.19,6.91
21-077,0.47,3.50,6.72
21-078,0.76,3.22,7.26
21-079,0.77,3.55,7.61
21-080,0.77,3.55,7.61
21-081,0.61,3.08,7.02
21-082,0.61,3.08,7.02
21-083,0.47,3.09,7.20
21-084,0.47,3.09,7.20
21-085,0.46,3.22,7.35
21-086,0.61,3.34,7.72
21-087,0.46,3.20,7.48
21-088,1.54,2.47,2.95
21-089,1.57,3.06,2.98
21-090,1.57,3.06,2.98
21-091,2.21,4.57,4.15
21-092,0.86,2.39,3.80
21-093,0.83,2.41,4.25
21-094,0.86,2.39,3.80
21-095,1.50,2.46,2.77
21-096,1.57,3.06,2.98
21-097,1.89,3.85,3.45
21-098,1.57,3.06,2.98
21-099,1.55,2.46,2.86
21-100,0.50,2.30,5.36
21-101,2.06,4.49,3.95
21-102,1.48,2.87,2.67
21-103,1.46,2.45,2.66
21-104,0.69,2.65,3.69
21-105,1.12,2.43,2.16
21-106,0.52,2.83,4.46
21-107,0.52,2.83,4.46
21-108,0.50,2.74,5.24
21-109,0.34,2.76,6.01
21-110,0.51,2.86,4.91
21-111,0.82,2.60,2.99
21-112,0.50,2.51,3.75
21-113a,0.50,2.50,3.50
21-113b,0.50,2.50,3.50
21-113c,0.50,2.50,3.50
21-113d,0.50,2.50,3.50
21-113e,0.50,2.50,3.50
21-114a,0.64,2.59,2.92
21-114b,0.64,2.59,2.92
21-114c,0.64,2.59,2.92
21-115,0.33,2.78,6.45
21-116,0.46,2.95,6.61
21-117,0.50,2.87,5.08
21-118,0.35,3.18,4.98
21-119,0.34,3.22,5.59
21-120,0.34,2.77,3.28
21-121,0.34,2.68,3.74
21-122,0.35,3.18,4.98
21-123,0.34,3.96,6.22
21-124,0.33,3.38,6.34
21-125,0.34,3.15,4.44
21-126,0.34,3.85,6.24
21-127a,0.33,3.38,6.34
21-127b,0.33,3.84,6.70
21-128,0.33,4.14,6.57
21-129,0.45,2.78,6.94
21-130,0.34,4.02,6.25
21-131,0.48,3.68,5.66
21-132,0.34,4.16,6.06
21-133,0.34,3.89,6.40
21-134,0.34,3.89,6.40
21-135,0.48,3.48,4.32
21-136,0.48,3.51,4.90
21-137,0.62,3.52,5.54
21-138,0.62,3.52,5.54
21-139,0.64,3.91,5.57
21-140,0.34,3.53,6.57
21-141,0.32,2.77,6.85
21-142,2.21,4.57,4.15
21-143,2.21,4.57,4.15
21-144,1.80,3.72,3.43
21-145a,1.82,4.41,4.07
21-145b,1.80,3.72,3.43
21-145c,2.21,4.57,4.15
21-146,1.82,4.41,4.07
21-147,2.26,4.95,5.17
21-148,2.26,4.95,5.17
21-149,2.31,5.69,6.53
21-150,1.87,4.92,4.28
21-151,1.77,5.22,5.74
21-152,1.77,5.22,5.74
21-153,1.15,3.65,2.40
21-154,0.80,3.63,2.27
21-155,0.67,3.28,2.44
21-156,1.87,4.92,4.28
21-157,1.77,5.22,5.74
21-158,0.95,4.46,3.11
21-159,0.95,4.46,3.11
21-160,0.80,3.63,2.27
21-161,1.54,5.03,4.80
21-162,0.48,3.18,2.56
21-163,0.63,3.48,2.24
21-164,0.48,3.18,2.56
21-165,1.54,5.03,4.80
21-166,0.88,4.76,4.97
21-167,0.48,3.18,2.56
21-168,0.88,4.76,4.97
21-169,0.63,3.07,1.58
21-170,0.63,3.07,1.58
21-171,0.47,2.91,2.52
21-172,0.61,4.00,2.15
21-173,0.47,2.91,2.52
21-174,0.60,3.05,1.13
21-175,0.45,2.48,1.46
21-176,0.46,2.50,2.41
21-177,0.29,2.77,0.92
21-178,0.45,2.48,1.46
21-179,0.29,2.77,0.92
21-180,0.00,3.11,0.47
21-181,0.00,2.68,0.59
21-182,0.30,2.64,1.00
21-183,0.15,2.19,0.79
21-184,0.30,2.64,1.00
21-185,0.00,3.00,0.61
21-186,0.15,2.21,0.64
21-187,0.31,2.35,2.12
21-188,0.60,3.24,3.49
21-189,0.30,2.36,1.35
21-190,0.00,2.68,0.62
21-191,0.15,2.23,0.48
21-192,0.79,5.16,9.58
21-193,0.79,5.16,9.58
21-194,0.50,4.36,7.71
21-195,0.50,4.36,7.71
21-196,0.99,4.78,7.38
21-197,0.99,4.78,7.38
21-198,0.47,4.64,7.40
21-199,0.63,4.46,7.10
21-200,0.47,4.64,7.40
21-201,0.45,4.88,8.31
21-202,0.47,4.64,7.40
21-203,0.47,4.64,7.40
21-204,0.61,4.52,7.43
21-205,0.75,5.03,8.70
21-206,0.14,4.31,7.23
21-207,0.94,4.31,7.16
21-208,0.63,4.46,7.10
21-209,0.16,4.65,7.18
21-210,0.29,4.52,7.23
21-211,0.14,4.37,7.28
21-212,0.46,4.47,6.90
21-213,0.46,4.47,6.90
21-214,1.29,5.20,7.64
21-215,0.29,4.52,7.23
21-216,0.14,4.37,7.28
21-217,0.14,4.31,7.23
21-218,0.14,4.31,7.23
21-219,0.46,4.47,6.90
21-220,0.30,4.47,6.33
21-221,0.14,4.48,7.32
21-222,0.00,3.86,6.76
21-223,0.16,4.47,6.57
21-224,0.00,3.78,6.86
21-225,0.89,4.80,6.55
21-226,0.00,3.84,6.94
21-227,0.00,3.84,6.94
21-228,0.15,4.01,6.45
21-229,0.00,3.66,6.96
21-230,0.00,3.86,6.76
21-231,0.00,3.86,6.76
21-232,0.00,3.43,6.03
21-233,0.00,3.43,6.03
21-234,0.15,4.41,5.89
21-235,0.58,4.74,5.09
21-236,0.00,3.77,6.11
21-237,0.00,3.43,6.03
21-238,0.00,2.94,6.03
21-239,0.00,4.18,4.92
21-240,0.00,3.85,4.75
21-241,0.00,3.85,4.75
21-242a,0.00,3.98,4.31
21-242b,0.00,3.98,4.31
21-242c,0.00,4.35,5.10
21-243,0.00,4.24,4.66
21-244,0.00,3.72,2.95
21-245,0.00,3.32,4.55
21-246,0.00,2.72,4.71
21-247,0.00,4.30,4.31
21-248,0.00,3.98,4.31
21-249,0.00,3.81,4.36
21-250a,0.00,3.32,4.55
21-250b,0.00,3.51,4.53
21-251,0.00,3.51,4.53
21-252,0.00,3.98,4.31
21-253,0.00,3.48,3.96
21-254,0.00,3.47,4.15
21-255,0.00,2.84,4.20
21-256,0.00,2.36,4.20
21-257,0.00,3.82,3.08
21-258,0.00,3.23,1.89
21-259,0.00,3.92,3.91
21-260,0.00,3.92,3.91
21-261,0.00,2.54,3.56
21-262a,0.00,2.36,4.02
21-262b,0.00,2.36,4.02
21-263,0.00,2.33,4.19
21-264,0.00,2.54,3.56
21-265,0.00,2.85,3.54
21-266,0.00,3.22,2.87
21-267,0.00,2.17,3.59
21-268,0.00,2.33,4.19
21-269,0.00,2.17,3.59
21-270,0.00,2.50,3.42
21-271,0.00,3.06,2.70
21-272,0.00,3.45,2.99
21-273,0.96,5.59,10.13
21-274,1.12,5.61,10.31
21-275,0.76,5.01,8.96
21-276,0.75,5.03,8.70
21-277,0.75,5.03,8.70
21-278,0.14,4.12,7.52
21-279,0.14,4.12,7.52
21-280,0.94,5.24,9.34
21-281,0.58,4.61,7.86
21-282,0.61,4.52,8.85
21-283,0.14,4.12,7.52
21-284,0.14,4.12,7.52
21-285,0.14,4.12,7.52
21-286,0.00,3.72,6.42
21-287,0.14,4.30,7.08
21-288,0.14,4.34,7.25
21-289a,0.14,4.30,7.08
21-289b,0.00,3.72,6.42
21-290,0.00,2.94,6.03
21-291,0.00,2.94,6.03
21-292,0.00,2.94,6.03
21-293,0.00,3.23,6.09
21-294,0.00,3.04,5.45
21-295,0.00,2.81,4.94
21-296,0.00,2.81,4.94
21-297a,0.00,2.33,4.23
21-297b,0.00,2.67,4.86
21-297c,0.00,2.33,4.23
21-297d,0.00,2.33,4.23
21-298,0.00,2.33,4.23
21-299,0.00,2.33,4.23
21-300a,0.00,2.33,4.23
21-300b,0.00,2.33,4.23
21-301,0.00,2.14,4.23
21-302,0.00,2.11,4.59
21-303,0.00,1.95,4.10
21-304,0.00,1.95,4.10
21-305,0.00,1.79,4.61
21-306,0.00,1.95,4.10
21-307,1.65,5.52,10.03
21-308,1.76,5.65,10.02
21-309,1.76,5.65,10.02
21-310,2.14,5.57,9.88
21-312,1.72,5.65,9.91
21-313,1.25,5.68,9.79
21-314,1.25,5.68,9.79
21-315,0.92,5.50,9.21
21-316,0.92,5.50,9.21
21-317,1.58,4.29,9.95
21-318,1.27,4.34,9.99
21-319,1.27,4.34,9.99
21-320,1.78,5.14,10.13
21-322,1.25,4.52,10.08
21-324a,1.59,4.77,10.36
21-324b,1.59,4.77,10.36
21-325,1.59,4.77,10.36
21-326,1.93,5.79,10.45
21-327,1.28,4.52,10.49
21-328,1.59,4.77,10.36
21-329,1.59,4.77,10.36
21-331,1.91,5.50,10.78
21-333,1.30,5.05,10.67
21-334,1.28,4.52,10.49
21-336,1.30,5.05,10.67
21-337,1.28,4.52,10.49
21-338,1.28,4.52,10.49
21-339,1.30,5.05,10.67
21-340,1.57,5.20,9.99
21-341,1.08,3.62,10.23
21-342,1.28,4.97,10.73
21-345,1.08,3.81,10.18
21-346,1.08,3.62,10.23
21-347,1.55,5.35,9.91
21-348,0.93,3.47,10.18
21-349a,1.41,4.96,10.47
21-349b,1.08,4.03,10.10
21-350,1.08,4.92,9.73
21-351,1.07,4.94,9.52
21-352,1.08,3.68,10.12
21-355,0.92,3.14,9.67
21-356,0.92,3.12,9.47
21-358a,0.92,4.68,9.44
21-358b,0.77,5.10,9.31
21-359,0.92,3.40,9.65
21-360,0.92,3.12,9.47
21-361,0.77,3.81,9.47
21-362,0.61,3.66,9.29
21-363,0.61,3.66,9.29
21-364,0.76,3.26,9.59
21-365a,0.60,3.79,9.06
21-365b,0.60,3.79,9.06
21-366,0.61,5.71,9.01
21-367,0.60,3.79,9.06
21-368,0.88,4.19,9.85
21-369,0.60,2.84,9.01
21-370,0.30,3.03,8.82
21-372,0.45,5.07,8.85
21-373,0.45,5.07,8.85
21-374,0.30,3.03,8.82
21-375,0.30,3.12,9.29
21-377,0.59,3.01,9.49
21-378,0.45,5.07,8.85
21-379,0.30,3.03,8.82
21-380,0.59,3.01,9.49
21-381,0.59,3.01,9.49
21-382,0.30,3.12,9.29
21-383,0.30,3.12,9.29
21-386,2.57,6.60,8.72
21-387,2.58,7.05,8.92
21-389,1.45,6.30,8.97
21-391,1.13,6.04,9.06
21-391d,1.13,6.04,9.06
21-392,1.14,6.60,8.82
21-394,1.14,6.60,8.82
21-396,1.28,6.40,8.94
21-398,1.28,6.40,8.94
21-399,1.28,6.40,8.94
21-401,1.12,6.40,8.91
21-402,1.12,6.34,9.07
21-403a,1.12,6.40,8.91
21-403b,1.12,6.40,8.91
21-406,0.98,6.77,8.81
21-414a,0.90,4.62,9.78
21-414b,0.90,4.62,9.78
21-415,0.77,5.11,9.62
21-417,0.90,4.29,9.79
21-418a,0.90,4.62,9.78
21-418b,0.74,4.42,9.61
21-421,0.75,4.46,9.57
21-423a,0.75,4.46,9.57
21-423b,0.75,4.46,9.57
21-424,0.79,5.06,9.24
21-425a,0.46,4.27,9.63
21-425b,0.74,4.42,9.61
21-428,0.64,5.87,8.86
21-430,0.64,5.94,8.77
21-431,0.64,5.87,8.86
21-432,0.50,3.93,6.31
21-433,0.66,3.81,5.89
21-434,0.66,3.59,6.77
21-435,0.70,4.49,8.71
21-436,0.46,2.51,3.10
21-437,0.16,3.03,1.14
21-438,0.16,2.81,0.83
21-439,0.17,2.49,1.98
21-440,0.65,3.83,5.55
21-441,0.17,2.52,0.86
21-442,0.16,2.84,0.96
21-443,0.32,2.65,1.37
21-444,0.63,2.77,3.93
21-445,0.32,2.67,0.91
21-446,0.17,3.15,0.86
21-447,0.33,3.36,1.20
21-448,0.81,3.06,5.77
21-449,0.66,2.77,5.34
21-450,0.65,3.04,4.15
21-451,0.34,2.38,1.08
21-452,0.65,3.04,4.15
21-453,0.51,2.48,3.52
21-454,0.37,3.70,2.25
21-455,0.33,3.36,1.20
21-456,0.32,3.52,1.50
21-457,0.81,2.77,5.58
21-458,0.52,2.77,4.39
21-459,0.83,2.80,6.25
21-460,0.52,2.77,3.02
21-461,0.35,3.44,1.09
21-462,0.36,3.83,2.03
21-463,0.36,3.82,1.73
21-464,0.53,3.08,2.44
21-465,0.53,2.98,1.98
21-466,0.52,3.94,2.31
21-467,0.53,3.29,2.34
21-468,0.00,2.13,3.49
21-469,0.00,2.31,3.42
21-470,0.00,2.08,3.51
21-471,0.00,2.89,1.58
21-472,0.00,2.08,3.51
21-473,0.00,2.13,3.49
21-474,0.00,2.08,3.51
21-475,0.00,2.69,2.75
21-476,0.15,3.17,2.49
21-477,0.00,2.31,3.42
21-478,0.00,3.12,2.76
21-479,0.00,1.50,3.55
21-480,0.00,2.94,3.28
21-481,0.17,3.46,1.17
21-482,0.00,3.12,2.76
21-483,0.00,1.96,3.22
21-484,0.00,2.44,3.33
21-485,0.00,1.96,3.22
21-486,0.00,1.96,3.22
21-487,0.00,2.94,3.28
21-488,0.16,3.20,1.83
21-489,0.16,3.50,2.53
21-490,0.14,2.13,3.52
21-491,0.00,1.63,4.06
21-492,0.16,3.46,2.72
21-493,0.16,3.65,2.49
21-494,0.15,2.90,3.16
21-495,0.14,2.13,3.52
21-496,0.00,1.63,4.06
21-497,0.16,2.89,3.37
21-498,0.15,3.27,3.08
21-499,0.15,1.62,4.28
21-500,0.15,1.98,3.72
21-501,0.15,1.80,4.23
21-502,0.15,1.62,4.28
21-503,0.17,3.62,3.23
21-504,0.32,3.81,2.21
21-505,0.17,3.20,3.61
21-506,0.17,3.28,3.54
21-507,0.16,1.61,5.08
21-508,0.17,2.13,4.39
21-509,0.17,2.13,4.39
21-510,0.17,2.13,4.39
21-511,0.16,1.79,4.44
21-512,0.18,2.88,3.98
21-513,0.33,3.64,3.59
21-514,0.17,1.77,4.85
21-515,0.34,3.55,3.31
21-516,0.34,3.67,3.38
21-517,0.17,1.77,4.85
21-518,0.17,1.44,5.50
21-519,0.17,2.09,4.48
21-520,0.18,1.42,6.09
21-521,0.18,1.42,6.09
21-522,0.18,1.47,5.85
21-523,0.34,3.49,3.69
21-524,0.18,1.47,5.85
21-525,0.18,1.42,6.09
21-526,0.33,2.74,4.21
21-527,0.18,1.42,6.09
21-528,0.34,3.25,4.25
21-529,0.35,3.67,3.98
21-530,0.33,1.45,5.98
21-531,0.33,1.45,5.98
21-532,0.33,2.08,5.57
21-533,0.34,2.73,4.62
21-534,0.36,3.70,3.64
21-535,0.36,3.78,4.00
21-536,0.33,2.08,5.57
21-537,0.33,2.08,5.57
21-538,0.33,1.45,5.98
21-539,0.35,3.26,4.66
21-540,0.34,1.26,6.56
21-541,0.34,1.26,6.56
21-542,0.34,1.26,6.56
21-543,0.34,2.07,6.02
21-544,0.36,3.78,4.00
21-545,0.34,1.44,6.44
21-546,0.34,1.26,6.56
21-547,0.35,3.59,4.44
21-548,0.34,1.26,6.56
21-549,0.34,1.44,6.44
21-550,0.35,2.70,5.89
21-551,0.52,3.45,4.37
21-552,0.35,1.25,6.80
21-553,0.35,2.70,5.89
21-554,0.35,2.06,6.43
21-555,0.36,3.41,4.72
21-556,0.35,1.25,6.80
21-557,0.35,1.25,6.80
21-558,0.00,1.78,3.98
21-559,0.00,1.61,4.61
21-560,0.14,1.58,5.38
21-561,0.16,1.57,5.96
21-562,0.16,1.40,6.00
21-563,0.16,1.57,5.96
21-564,0.17,1.55,6.08
21-565,0.17,1.09,5.95
21-566,0.18,1.37,6.06
21-567,0.18,1.39,6.08
21-568,0.18,1.39,6.08
21-569,0.18,1.39,6.08
21-570,0.18,1.37,6.06
21-571,0.33,1.08,6.01
21-572,0.33,1.24,6.17
21-573,0.34,1.21,6.11
21-574,0.33,1.08,6.01
21-575,0.34,1.37,6.26
21-576,0.33,1.08,6.01
21-577,0.34,1.23,6.31
21-578,0.35,1.06,6.17
21-579,0.36,1.21,6.29
21-580,0.35,1.07,6.24
21-581,0.35,1.06,6.17
21-582,0.36,1.21,6.29
21-583,0.36,1.21,6.29
21-584,0.36,1.07,6.33
21-585,0.36,1.07,6.33
21-586,0.67,1.25,6.84
21-587,0.52,1.08,6.51
21-588,0.51,1.07,6.41
21-589,0.35,1.23,6.45
21-590,0.36,1.07,6.33
21-591,1.14,4.29,8.90
21-592,0.49,3.05,8.06
21-593,1.45,6.30,8.97
21-594,1.89,3.85,3.45
21-595,2.06,4.49,3.95
21-596,2.06,4.49,3.95
21-597,2.06,4.49,3.95
21-598,2.06,4.49,3.95
21-599,0.47,3.43,3.86
21-600,0.46,2.50,2.41
21-601,0.63,3.48,2.24
21-602,0.46,2.50,2.41
21-603,0.61,3.05,1.46
21-604,0.63,3.17,1.90
21-605,1.82,4.41,4.07
21-606,2.83,5.83,6.62
21-607,3.06,6.36,8.03
21-608,0.30,2.64,1.00
21-609,0.29,2.77,0.92
21-610,1.87,4.92,4.28
21-611,0.29,2.77,0.92
21-612,2.54,6.98,8.24
21-613,1.77,5.22,5.74
21-614,1.77,5.22,5.74
21-615,1.77,5.22,5.74
21-616,2.30,6.66,7.88
21-617,1.80,5.79,6.85
21-618,0.00,2.68,0.59
21-619,2.00,7.31,8.22
21-620,1.29,5.64,6.52
21-621,0.00,3.64,0.79
21-622,0.75,4.60,4.09
21-623,0.00,3.71,1.74
21-624,1.26,5.34,6.75
21-625,1.63,6.30,8.13
21-626,0.00,3.04,1.51
21-627,0.88,4.76,4.97
21-628,0.88,4.76,4.97
21-629,0.63,4.46,7.10
21-630,0.00,3.81,3.59
21-631,0.00,3.63,3.09
21-632,0.00,3.85,4.36
21-633,0.00,3.48,3.96
21-634,0.15,4.01,6.45
21-635,0.00,4.18,4.92
21-636,0.00,3.85,4.75
21-637,0.00,3.51,4.53
21-638,0.00,2.84,4.20
21-639,0.00,3.66,6.96
21-640,0.00,3.66,6.96
21-641,0.00,3.66,6.96
21-642,0.00,2.36,4.20
21-643,0.00,2.72,4.71
21-644,0.00,2.36,4.20
21-645,0.00,3.43,6.03
21-655,0.14,4.31,7.23
21-656,0.75,5.03,8.70
21-657,0.00,2.33,4.23
21-658,0.00,2.81,4.94
21-659,0.14,4.30,7.08
21-660,0.14,4.30,7.08
21-661,0.00,2.31,4.60
21-663,0.15,3.87,7.00
21-664,0.61,4.52,8.85
21-665,0.46,2.51,3.10
21-666,0.62,2.64,3.68
21-667,0.00,2.37,0.46
21-668,0.52,3.46,1.92
21-669,0.52,3.46,1.92
21-670,0.33,3.46,1.05
21-671,0.52,3.46,1.92
21-672,0.17,3.15,0.86
21-673,0.15,2.54,0.78
21-674,0.53,3.45,2.13
21-675,0.36,3.82,1.73
21-676,0.53,3.32,2.52
21-677,0.17,3.46,1.17
21-678,0.53,3.32,2.52
21-679,0.53,3.29,2.89
21-680,0.33,3.82,2.15
21-681,0.33,3.82,2.15
21-682,0.33,3.82,2.15
21-683,0.33,3.82,2.15
21-684,0.33,3.82,2.15
21-685,0.33,3.82,2.15
21-686,0.17,3.54,1.97
21-687,0.33,3.82,2.15
21-688,0.33,3.82,2.15
21-689,0.32,3.81,2.21
21-690,0.17,3.51,2.29
21-691,0.17,3.51,2.29
21-692,0.00,3.07,2.07
21-693,0.15,3.32,2.15
21-694,0.16,3.65,2.49
21-695,0.16,3.65,2.49
21-696,0.00,2.90,2.28
21-697,0.16,3.65,2.49
21-698,0.36,3.78,4.00
21-699,0.16,3.50,2.53
21-700,0.36,3.93,4.23
21-701,0.36,3.93,4.23
21-702,0.34,3.67,3.38
21-703,0.15,3.17,2.49
21-704,0.00,2.90,2.77
21-705,0.00,3.45,2.99
21-706,0.35,3.61,4.05
21-707,0.00,3.17,3.00
21-708,0.00,2.88,2.84
21-709,0.35,3.61,4.05
21-710,0.00,3.17,3.00
21-711,0.00,2.88,2.84
21-712,0.00,3.17,3.00
21-713,0.00,3.17,3.00
21-714,0.35,3.61,4.05
21-715,0.35,3.59,4.44
21-716,0.18,3.34,3.32
21-717,0.18,3.34,3.32
21-718,0.18,3.34,3.32
21-719,0.00,2.88,2.84
21-720,0.00,2.88,2.84
21-721,0.17,3.28,3.54
21-722,0.16,3.28,3.45
21-723,0.00,2.69,2.75
21-724,0.32,3.57,3.66
21-725,0.17,3.28,3.54
21-726,0.16,3.28,3.45
21-727,0.16,3.28,3.45
21-728,0.15,3.27,3.08
21-729,0.33,3.42,4.03
21-730,0.16,3.28,3.45
21-731,0.35,3.26,4.66
21-732,0.16,3.28,3.45
21-733,0.34,2.73,4.62
21-734,0.00,2.52,3.36
21-735,0.35,2.87,5.47
21-736,0.18,2.88,3.98
21-737,0.00,2.52,3.36
21-738,0.00,2.85,3.54
21-739,0.00,2.52,3.36
21-740,0.16,2.89,3.37
21-741,0.00,2.85,3.54
21-742,0.00,2.94,3.28
21-743,0.16,2.89,3.37
21-744,0.34,2.73,4.62
21-745,0.00,2.85,3.54
21-746,0.35,2.70,5.89
21-747,0.16,2.89,3.37
21-748,0.00,2.94,3.28
21-749,0.35,2.70,5.89
21-750,0.00,2.94,3.28
21-751,0.00,2.94,3.28
21-752,0.35,2.87,5.47
21-753,0.00,2.52,3.36
21-754,0.00,2.94,3.28
21-755,0.00,2.50,3.42
21-756,0.00,2.31,3.42
21-757,0.32,1.94,4.71
21-758,0.00,2.54,3.56
21-759,0.00,2.54,3.56
21-760,0.17,2.09,4.48
21-761,0.33,2.08,5.57
21-762,0.34,2.07,6.02
21-763,0.17,2.13,4.39
21-764,0.00,1.81,3.58
21-768,0.35,1.28,6.70
21-769,0.15,1.80,4.23
21-770,0.35,1.28,6.70
21-771,0.00,2.17,3.59
21-772,0.00,2.17,3.59
21-773,0.35,1.28,6.70
21-774,0.35,1.28,6.70
21-775,0.00,2.13,3.49
21-776,0.00,2.33,4.19
21-777,0.18,1.42,6.09
21-778,0.00,1.50,3.55
21-779,0.16,1.57,5.96
21-780,0.00,1.59,4.67
21-781,0.00,1.61,4.61
21-782,0.00,1.63,5.12
21-783,0.00,1.79,4.61
21-784,0.00,1.79,4.61
21-785,0.00,2.12,4.90
21-786,0.30,1.39,6.35
21-787,0.29,1.39,6.39
21-788,0.18,1.37,6.06
21-789,0.14,1.43,6.27
21-791,0.82,4.32,8.72
21-792,0.77,3.86,7.30
21-793,0.47,3.09,7.20
21-794,0.46,3.06,6.63
21-795,0.47,3.22,6.70
21-796,0.46,2.94,6.96
21-797,0.46,2.93,6.62
21-798,0.47,3.22,6.70
21-799,0.47,3.22,6.70
21-800,0.46,2.94,6.96
21-801,0.47,3.22,6.70
21-804,0.46,2.95,6.61
21-805,0.46,3.53,7.35
21-806,0.53,2.28,4.87
21-807,0.33,3.27,6.51
21-808,0.34,3.09,6.34
21-809,0.34,2.76,6.01
21-810,0.33,3.84,6.70
21-811,0.33,3.84,6.70
21-812,0.33,3.38,6.34
21-813,0.34,3.96,6.22
21-814,0.33,3.50,6.69
21-815,0.52,2.64,3.88
21-816,1.13,2.33,3.30
21-817,1.54,2.47,2.95
21-818,1.55,2.46,2.86
21-819,1.46,2.45,2.66
21-820,1.57,3.06,2.98
21-821,0.65,3.56,6.33
21-822,1.57,3.06,2.98
21-823,0.47,3.43,3.86
21-824,1.49,2.77,2.59
21-825,1.89,3.85,3.45
21-826,0.82,3.84,8.86
21-827,0.85,5.15,9.02
21-828,0.83,3.89,8.99
21-829a,0.83,4.01,8.85
21-829b,0.83,4.45,8.87
21-829c,0.83,4.45,8.87
22-003a,0.59,3.01,9.49
22-003b,0.30,3.62,9.67
22-005,0.29,2.84,9.11
22-007,0.29,2.84,9.11
22-008,0.30,4.11,9.89
22-009,0.30,4.86,10.00
22-010,0.15,4.32,8.50
22-012,0.45,4.90,10.20
22-013,0.30,4.56,9.90
22-014,0.15,5.44,8.64
22-015,0.15,5.53,8.64
22-016,0.15,4.86,8.51
22-017,0.15,3.38,9.12
22-018,0.30,4.42,9.89
22-019,0.15,3.34,9.05
22-020,0.29,3.90,9.53
22-021a,0.45,5.04,10.10
22-021b,0.45,5.04,10.10
22-024,0.29,3.90,9.53
22-026,0.31,4.44,9.02
22-027,0.61,5.09,9.09
22-028,0.47,4.54,9.05
22-029,0.00,1.26,8.56
22-030,0.47,4.65,9.15
22-031,0.47,4.65,9.15
22-032,0.47,4.65,9.15
22-033,0.46,4.42,9.52
22-034,0.60,4.45,9.35
22-035,0.45,4.57,9.86
22-036,0.48,5.06,8.95
22-037,0.45,4.57,9.86
22-038,0.00,2.75,9.13
22-040,0.14,3.59,9.07
22-041,0.15,3.30,8.82
22-042,0.15,3.30,8.82
22-043,0.00,2.97,8.81
22-044,0.00,2.92,8.52
22-045,0.00,2.92,8.52
22-046,0.00,2.92,8.52
22-047a,0.14,2.80,8.45
22-047b,0.14,2.80,8.45
22-047c,0.14,2.80,8.45
22-048,0.14,2.80,8.45
22-049,0.00,2.97,8.81
22-050,0.00,3.12,9.00
22-052,0.00,2.94,8.63
22-053a,0.00,2.61,8.41
22-053b,0.00,2.61,8.41
22-054,0.15,3.00,8.62
22-055,0.14,3.59,9.07
22-056,0.00,3.06,8.90
22-057,0.00,3.05,8.72
22-058,0.00,2.72,8.81
22-060,0.00,2.14,8.52
22-061,0.00,2.75,9.13
22-062,0.00,2.75,9.13
22-063,0.14,2.62,8.48
22-064,0.00,2.14,8.52
22-065,0.14,2.62,8.48
22-066,0.00,2.88,8.92
22-067,0.00,2.31,8.81
22-068,0.00,3.13,9.49
22-069,0.62,5.48,8.69
22-070,0.62,5.48,8.69
22-071,0.61,5.49,8.81
22-073,0.15,3.33,8.71
22-074,0.00,2.72,8.81
22-075,0.32,5.61,9.55
22-076,0.32,4.92,9.51
22-077,0.15,2.63,8.60
22-078,0.31,5.28,9.46
22-079,0.34,5.54,10.15
22-080,0.34,5.54,10.15
22-081,0.34,5.54,10.15
22-082,0.34,6.45,10.66
22-083,0.64,6.34,10.76
22-084,0.35,1.25,6.80
22-085,0.36,2.36,6.12
22-086,0.36,0.99,6.82
22-087,0.36,2.72,5.75
22-088a,0.36,3.39,4.86
22-088b,0.36,3.42,4.84
22-089,0.37,3.12,4.76
22-090,0.36,0.99,6.82
22-091,0.36,1.77,6.32
22-092,0.36,0.83,6.79
22-093,0.36,0.81,6.89
22-094,0.36,2.69,6.25
22-095,0.36,1.30,6.76
22-096,0.35,2.09,6.37
22-097,0.35,0.98,7.10
22-098,0.35,0.96,7.09
22-099,0.33,1.26,7.36
22-100,0.35,0.80,7.16
22-101,0.53,1.08,6.52
22-102,0.54,1.09,6.60
22-103,0.69,1.26,6.92
22-104a,0.37,1.21,6.61
22-104b,0.37,1.21,6.61
22-104c,0.52,0.92,6.70
22-105,0.37,0.80,6.66
22-106,0.71,1.26,7.14
22-107,0.70,1.41,7.44
22-108,0.54,1.06,6.55
22-109,0.55,1.08,6.64
22-110,0.52,0.92,6.70
22-111,0.37,0.80,6.66
22-112,0.52,0.92,6.70
22-113,0.54,1.06,6.55
22-114,0.55,0.93,6.82
22-115,0.37,0.80,6.77
22-116,0.71,1.26,7.14
22-117,0.55,0.93,6.82
22-118,0.55,0.93,6.82
22-119,0.71,0.94,6.90
22-120,0.70,1.40,7.76
22-121,0.71,1.09,7.03
22-122,0.37,0.80,6.77
22-123,0.53,0.78,6.80
22-124,0.72,1.08,7.65
22-125,0.53,0.93,6.89
22-126,0.56,1.07,6.93
22-127,0.37,0.94,6.88
22-128,0.55,0.78,6.87
22-129,0.55,0.78,6.87
22-130,0.56,1.07,6.93
22-131,0.72,1.08,7.65
22-132,0.52,0.94,6.95
22-133,0.72,1.21,7.70
22-134,0.54,0.79,6.96
22-135,0.36,0.94,6.95
22-136,0.56,0.78,6.96
22-137,0.56,0.78,6.96
22-138,0.51,0.80,6.99
22-139,0.53,0.79,6.99
22-140,0.56,0.63,7.56
22-141,0.53,0.64,7.34
22-142,0.56,0.63,7.56
22-143,0.55,0.92,7.64
22-144,0.53,0.64,7.34
22-145,0.55,0.92,7.64
22-146a,0.32,0.65,7.30
22-146b,0.33,0.65,7.34
22-147a,0.53,0.78,7.68
22-147b,0.53,0.78,7.68
22-148a,0.33,0.65,7.34
22-148b,0.51,0.78,7.55
22-148c,0.35,0.64,7.32
22-149,0.83,6.63,11.07
22-152,1.00,6.29,9.90
22-153,0.86,6.49,9.84
22-154,0.86,5.90,10.21
22-155,0.81,5.32,9.80
22-156,0.00,3.88,8.26
22-157,0.00,3.54,8.04
22-158,0.00,3.78,8.61
22-159,0.00,3.78,8.56
22-160,0.00,3.60,8.51
22-161,0.15,0.80,7.69
22-163,0.81,6.36,10.81
22-167,0.00,2.58,8.43
22-816,0.36,0.96,7.01
22-817,0.35,0.96,7.09
22-818,0.37,0.94,6.88
22-819,0.36,0.94,6.95
22-820,0.52,0.94,6.95
22-821,0.52,0.94,6.95
22-822,0.51,0.80,6.99
22-823,0.53,0.79,6.99
22-824,0.54,0.79,6.96
22-825,0.56,0.78,6.96
22-826,0.56,0.78,6.96
22-827,0.56,0.63,7.56
22-828,0.36,2.72,5.75
22-829,0.36,2.69,6.25
22-830,0.35,1.75,6.53
22-831,0.35,1.75,6.53
22-832,0.36,1.77,6.32
22-833,0.36,1.30,6.76
22-834,0.36,1.30,6.68
22-835,0.36,1.30,6.68
22-836,0.36,0.99,6.67
22-837,0.36,0.99,6.67
22-838,0.36,0.98,6.98
22-839,0.36,0.83,6.79
22-840,0.36,0.83,6.79
22-841,0.36,0.94,6.55
22-842,0.36,0.94,6.55
22-843,0.36,0.94,6.55
22-844,0.37,1.21,6.61
22-845,0.52,0.92,6.70
22-846,0.53,0.78,6.80
22-848,0.54,1.09,6.60
22-849,0.71,1.09,7.03
22-850,0.69,1.26,6.92
22-851,0.69,1.26,6.92
23-001,0.64,4.57,9.09
23-002,0.64,4.57,9.09
23-004a,0.50,4.53,8.86
23-004b,0.51,4.36,9.40
23-005,0.51,4.36,9.40
23-006,0.51,4.36,9.40
23-007,0.51,4.36,9.40
23-008,0.51,4.81,9.15
23-009,0.51,4.31,9.28
23-010,0.53,3.91,9.54
23-011,0.71,5.28,10.62
23-012a,0.52,4.62,9.44
23-012b,0.52,4.62,9.44
23-012c,0.52,4.62,9.44
23-012d,0.52,4.62,9.44
23-012e,0.53,3.91,9.54
23-014,0.54,4.40,9.74
23-016,0.54,4.40,9.74
23-017,0.72,5.16,10.48
23-018,0.72,5.72,10.82
23-019,0.75,5.90,10.77
23-020,0.92,6.18,11.14
23-022,1.42,6.84,11.68
23-023,0.75,6.09,10.65
23-024,1.42,6.84,11.68
23-025,0.75,6.09,10.65
23-026,0.75,6.09,10.65
23-027,1.23,7.09,11.35
23-028,1.65,7.64,12.00
23-029,1.83,8.42,12.48
23-030,0.36,4.20,8.85
23-031a,0.36,4.20,8.85
23-031b,0.36,4.20,8.85
23-033,0.35,4.48,8.64
23-034,0.52,4.70,9.62
23-035,0.54,5.31,10.27
23-036,0.37,6.12,10.54
23-037,0.37,6.12,10.54
23-038,0.37,6.12,10.54
23-039,0.74,7.26,11.33
23-041,0.00,3.92,8.32
23-042a,0.00,3.72,8.09
23-042b,0.00,3.92,8.32
23-043,0.00,3.78,8.33
23-044,0.00,3.59,8.10
23-045a,0.00,3.21,7.42
23-045b,0.00,2.97,7.41
23-046,0.00,2.51,7.89
23-047,0.00,2.19,7.89
23-048,0.00,3.09,6.90
23-049,0.00,2.19,7.89
23-050,0.00,2.62,7.23
23-051,0.00,2.84,6.48
23-052a,0.00,2.33,6.59
23-052b,0.00,2.29,7.07
23-053,0.00,1.96,8.12
23-054,0.00,2.69,5.80
23-055a,0.00,2.99,5.34
23-055b,0.00,2.34,6.10
23-055c,0.00,2.99,5.34
23-056,0.21,5.99,10.62
23-057,0.36,6.75,10.93
23-058,0.74,7.26,11.33
23-059a,1.07,7.86,11.90
23-059b,0.57,7.37,11.21
23-059c,0.37,7.37,11.42
23-059d,0.37,7.51,11.40
23-060,0.38,7.67,11.57
23-061a,0.38,7.67,11.57
23-061b,0.38,7.67,11.57
23-061c,0.39,7.90,11.54
23-061d,0.39,7.90,11.54
23-061e,0.55,8.63,11.90
23-061f,0.55,8.63,11.90
23-062,0.55,8.63,11.90
23-064,0.39,7.90,11.54
23-065a,0.58,9.26,12.27
23-065b,0.39,8.20,11.46
23-066,0.54,8.58,11.52
23-067a,0.58,9.34,11.95
23-067b,0.58,9.34,11.95
23-067c,0.58,9.34,11.95
23-068,0.00,1.74,8.85
23-069,0.00,2.06,8.87
23-070,0.15,3.83,8.90
23-071,0.14,3.92,8.96
23-072,0.16,4.94,9.48
23-074a,0.53,8.22,11.16
23-074b,0.53,8.22,11.16
23-074c,0.52,7.66,11.04
23-074d,0.52,7.66,11.04
23-076,0.00,2.10,6.88
23-077,0.14,3.13,4.70
23-078,0.15,3.66,3.58
23-079,0.30,4.04,3.69
23-080,0.15,3.62,3.60
23-081,0.60,3.48,4.55
23-082a,0.44,3.06,4.91
23-082b,0.44,3.06,4.91
23-083a,0.74,5.90,10.89
23-083b,0.74,5.90,10.89
23-084,0.38,7.67,11.57
23-085,0.39,8.57,12.23
23-086,0.54,8.72,12.14
23-087,0.00,4.00,8.79
23-088a,0.00,1.85,8.63
23-088b,0.00,1.56,8.71
23-089,0.00,2.70,6.02
23-090,0.78,4.09,5.05
24-003,0.55,7.42,10.91
24-006,0.15,6.18,10.00
24-008,0.30,2.73,5.05
24-009a,0.15,1.69,4.89
24-009b,0.15,1.84,5.02
24-009c,0.30,1.68,4.85
24-010,0.45,2.37,5.21
24-011,0.46,4.39,8.00
24-012,0.46,3.38,5.74
99-300,9.58,0.60,7.08
99-302,11.18,3.20,8.93
99-303a,9.83,0.78,7.84
99-303b,10.32,1.07,8.10
99-303c,9.83,0.78,7.84
99-304,10.41,1.24,7.97
99-305,10.71,2.14,8.82
99-306,10.58,1.83,8.71
99-311,10.32,1.07,8.10
99-312,10.32,1.07,8.10
99-345,9.67,4.58,9.39
99-346,11.10,5.66,9.66
99-347,12.08,4.52,9.18
99-379,6.16,3.46,7.90
99-380,4.57,3.32,6.18
99-383,5.39,2.90,2.19
99-388,4.28,3.00,2.61
99-395,4.89,1.99,1.62
99-396,10.00,4.16,8.54
99-398,4.89,1.99,1.62
99-399,8.88,2.42,8.27
99-401,4.44,3.20,5.97
99-402,4.89,1.99,1.62
99-403,4.44,3.20,5.97
99-404,5.03,3.24,6.60
99-405,4.89,1.99,1.62
99-406,7.34,4.69,7.75
99-407,8.59,4.63,2.54
99-408,4.89,1.99,1.62
99-411,3.36,2.52,5.13
99-413,5.82,3.07,7.22
99-414,4.48,2.92,6.31
99-415,8.75,4.94,8.32
99-416,9.17,1.91,8.19
99-417,5.11,1.98,1.52
99-418,3.14,2.43,4.70
99-419,5.11,1.98,1.52
99-420,4.48,2.92,6.31
99-421,5.11,1.98,1.52
99-422,6.66,3.89,7.80
99-423,5.11,1.98,1.52
99-424,5.93,3.09,7.47
99-425,9.03,1.71,8.11
99-426,6.45,3.56,7.82
99-427,9.06,1.25,8.11
99-428,4.19,2.94,5.89
99-429,5.19,2.26,1.56
99-430,9.08,1.24,8.40
99-432,5.19,2.26,1.56
99-434,10.06,5.02,8.81
99-435,4.51,3.07,6.76
99-436,8.87,5.03,8.65
99-437,5.19,2.26,1.56
99-438,9.09,1.57,8.48
99-439,8.90,1.41,8.40
99-440,3.35,2.67,5.31
99-441,9.06,1.25,8.11
99-442,5.19,2.26,1.56
99-443,9.06,1.25,8.11
99-444,5.93,3.09,7.47
99-445,9.08,1.24,8.40
99-446,3.12,2.71,4.71
99-447,7.21,3.60,8.59
99-448,4.60,2.56,1.67
99-450,9.02,0.96,8.07
99-453,9.05,0.77,8.16
99-455a,9.83,1.25,8.05
99-455b,9.83,1.25,8.05
99-455c,9.44,0.93,7.95
99-456,5.33,2.24,1.56
99-457,10.49,5.12,9.09
99-458a,9.04,0.95,8.21
99-458b,9.02,0.96,8.07
99-459,9.02,0.96,8.07
99-460,4.60,2.56,1.67
99-461,8.18,4.38,8.73
99-464,5.85,3.25,7.41
99-465,5.33,2.24,1.56
99-466,2.97,2.99,4.86
99-467,2.97,2.99,4.86
99-469,9.04,0.95,8.21
99-470,9.05,0.61,7.52
99-472,6.87,3.43,8.27
99-473,8.92,0.62,7.58
99-474,5.61,2.25,1.58
99-475,10.35,4.93,9.33
99-477,6.87,3.43,8.27
99-478,8.01,4.07,8.80
99-480,5.61,2.25,1.58
99-482,5.61,2.25,1.58
99-484,6.87,3.43,8.27
99-486,9.92,1.23,7.89
99-488,5.61,2.25,1.58
99-491,11.33,5.06,9.08
99-492,5.61,2.25,1.58
99-495,8.87,0.64,7.71
99-496,4.57,3.32,6.18
99-497,9.83,0.78,7.84
99-498,10.96,5.96,9.69
99-499,5.56,1.98,2.02
99-500,9.83,0.78,7.84
99-501,5.56,1.98,2.02
99-503,5.56,1.98,2.02
99-504,3.32,3.67,4.85
99-505,5.56,1.98,2.02
99-506,9.09,0.46,7.06
99-507,5.56,1.98,2.02
99-508,8.70,4.55,9.30
99-509,7.52,4.20,8.66
99-510,5.56,1.98,2.02
99-511,5.56,1.98,2.02
99-512,5.56,1.98,2.02
99-513,5.56,1.98,2.02
99-514,6.58,2.90,2.84
99-515,8.51,0.45,6.91
99-517,8.79,0.14,6.42
99-518,8.79,0.14,6.42
99-519,9.20,0.15,6.81
99-520,8.79,0.14,6.42
99-521a,8.79,0.14,6.42
99-521b,9.20,0.15,6.81
99-522,8.62,0.44,6.65
99-523,9.20,0.15,6.81
99-524,9.20,0.15,6.81
99-525,8.62,0.44,6.65
99-526,9.20,0.15,6.81
99-527,8.62,0.44,6.65
99-529,8.60,0.14,6.33
99-530a,8.60,0.14,6.33
99-530b,8.60,0.14,6.33
99-532,8.60,0.14,6.33
99-533,8.60,0.14,6.33
99-535,8.23,0.29,5.74
99-536,8.28,0.29,5.96
99-537,8.23,0.29,5.74
99-540,7.98,0.15,5.19
99-809,6.58,2.90,2.84